date,home,away,pick,prob,odds,won,pl,dog_odds,dog_pl,mdog_odds,mdog_pl,model_on_mdog,segment,cum_pl,cum_dog_pl,cum_mdog_pl
2026-02-28,newcastle-knights,north-queensland-cowboys,north-queensland-cowboys,0.619,1.79,0,-100.0,2.26,119.7,2.26,119.7,0,backtest,-100.0,119.7,119.7
2026-02-28,canterbury-bankstown-bulldogs,st-george-illawarra-dragons,canterbury-bankstown-bulldogs,0.741,1.36,1,34.2,3.7,-100.0,3.7,-100.0,0,backtest,-65.8,19.7,19.7
2026-03-05,melbourne-storm,parramatta-eels,melbourne-storm,0.795,1.49,1,46.55,2.94,-100.0,2.94,-100.0,0,backtest,-19.25,-80.3,-80.3
2026-03-06,brisbane-broncos,penrith-panthers,brisbane-broncos,0.514,1.9,0,-100.0,2.08,102.6,2.08,102.6,0,backtest,-119.25,22.3,22.3
2026-03-07,manly-warringah-sea-eagles,canberra-raiders,manly-warringah-sea-eagles,0.734,1.84,0,-100.0,2.14,108.3,2.14,108.3,0,backtest,-219.25,130.6,130.6
2026-03-07,cronulla-sutherland-sharks,gold-coast-titans,cronulla-sutherland-sharks,0.882,1.32,1,30.4,3.9,-100.0,3.9,-100.0,0,backtest,-188.85,30.6,30.6
2026-03-08,dolphins,south-sydney-rabbitohs,dolphins,0.677,1.79,0,-100.0,2.24,117.8,2.24,117.8,0,backtest,-288.85,148.4,148.4
2026-03-12,brisbane-broncos,parramatta-eels,brisbane-broncos,0.749,1.28,0,-100.0,4.4,323.0,4.4,323.0,0,backtest,-388.85,471.4,471.4
2026-03-14,wests-tigers,north-queensland-cowboys,wests-tigers,0.65,1.66,1,62.7,2.4,-100.0,2.4,-100.0,0,backtest,-326.15,371.4,371.4
2026-03-14,penrith-panthers,cronulla-sutherland-sharks,penrith-panthers,0.697,1.46,1,43.7,3.1,-100.0,3.1,-100.0,0,backtest,-282.45,271.4,271.4
2026-03-15,dolphins,gold-coast-titans,dolphins,0.823,1.36,1,34.2,3.75,-100.0,3.75,-100.0,0,backtest,-248.25,171.4,171.4
2026-03-15,manly-warringah-sea-eagles,newcastle-knights,manly-warringah-sea-eagles,0.846,1.52,0,-100.0,2.88,178.6,2.88,178.6,0,backtest,-348.25,350.0,350.0
2026-03-19,canberra-raiders,canterbury-bankstown-bulldogs,canterbury-bankstown-bulldogs,0.516,2.0,1,95.0,1.98,-100.0,2.0,95.0,1,backtest,-253.25,250.0,445.0
2026-03-20,sydney-roosters,penrith-panthers,penrith-panthers,0.638,1.61,1,57.95,2.6,-100.0,2.6,-100.0,0,backtest,-195.3,150.0,345.0
2026-03-20,melbourne-storm,brisbane-broncos,melbourne-storm,0.792,1.39,0,-100.0,3.5,237.5,3.5,237.5,0,backtest,-295.3,387.5,582.5
2026-03-21,south-sydney-rabbitohs,wests-tigers,south-sydney-rabbitohs,0.652,1.72,1,68.4,2.34,-100.0,2.34,-100.0,0,backtest,-226.9,287.5,482.5
2026-03-21,cronulla-sutherland-sharks,dolphins,cronulla-sutherland-sharks,0.751,1.47,0,-100.0,2.94,184.3,2.94,184.3,0,backtest,-326.9,471.8,666.8
2026-03-22,north-queensland-cowboys,gold-coast-titans,north-queensland-cowboys,0.682,1.53,1,50.35,2.72,-100.0,2.72,-100.0,0,backtest,-276.55,371.8,566.8
2026-03-26,manly-warringah-sea-eagles,sydney-roosters,manly-warringah-sea-eagles,0.563,2.82,0,-100.0,1.54,51.3,2.82,-100.0,1,backtest,-376.55,423.1,466.8
2026-03-27,brisbane-broncos,dolphins,brisbane-broncos,0.713,1.75,1,71.25,2.24,-100.0,2.24,-100.0,0,backtest,-305.3,323.1,366.8
2026-03-28,north-queensland-cowboys,melbourne-storm,melbourne-storm,0.716,1.35,0,-100.0,3.8,266.0,3.8,266.0,0,backtest,-405.3,589.1,632.8
2026-03-28,canterbury-bankstown-bulldogs,newcastle-knights,canterbury-bankstown-bulldogs,0.79,1.22,0,-100.0,5.4,418.0,5.4,418.0,0,backtest,-505.3,1007.1,1050.8
2026-03-28,penrith-panthers,parramatta-eels,penrith-panthers,0.88,1.19,1,18.05,6.2,-100.0,6.2,-100.0,0,backtest,-487.25,907.1,950.8
2026-03-29,gold-coast-titans,st-george-illawarra-dragons,st-george-illawarra-dragons,0.579,2.24,0,-100.0,1.79,75.05,2.24,-100.0,1,backtest,-587.25,982.15,850.8
2026-03-29,canberra-raiders,cronulla-sutherland-sharks,cronulla-sutherland-sharks,0.601,2.16,1,110.2,1.86,-100.0,2.16,110.2,1,backtest,-477.05,882.15,961.0
2026-04-02,dolphins,manly-warringah-sea-eagles,dolphins,0.632,1.41,0,-100.0,3.4,228.0,3.4,228.0,0,backtest,-577.05,1110.15,1189.0
2026-04-03,south-sydney-rabbitohs,canterbury-bankstown-bulldogs,south-sydney-rabbitohs,0.629,1.93,1,88.35,2.04,-100.0,2.04,-100.0,0,backtest,-488.7,1010.15,1089.0
2026-04-03,penrith-panthers,melbourne-storm,penrith-panthers,0.71,1.37,1,35.15,3.6,-100.0,3.6,-100.0,0,backtest,-453.55,910.15,989.0
2026-04-04,st-george-illawarra-dragons,north-queensland-cowboys,st-george-illawarra-dragons,0.555,2.14,0,-100.0,1.86,81.7,2.14,-100.0,1,backtest,-553.55,991.85,889.0
2026-04-04,gold-coast-titans,brisbane-broncos,brisbane-broncos,0.757,1.28,1,26.6,4.4,-100.0,4.4,-100.0,0,backtest,-526.95,891.85,789.0
2026-04-05,newcastle-knights,canberra-raiders,newcastle-knights,0.589,2.52,1,144.4,1.64,-100.0,2.52,144.4,1,backtest,-382.55,791.85,933.4
2026-04-06,parramatta-eels,wests-tigers,parramatta-eels,0.546,1.92,0,-100.0,2.06,100.7,2.06,100.7,0,backtest,-482.55,892.55,1034.1
2026-04-09,canterbury-bankstown-bulldogs,penrith-panthers,penrith-panthers,0.835,1.18,0,-100.0,6.4,513.0,6.4,513.0,0,backtest,-582.55,1405.55,1547.1
2026-04-10,st-george-illawarra-dragons,manly-warringah-sea-eagles,manly-warringah-sea-eagles,0.656,1.5,1,47.5,2.96,-100.0,2.96,-100.0,0,backtest,-535.05,1305.55,1447.1
2026-04-10,brisbane-broncos,north-queensland-cowboys,brisbane-broncos,0.734,1.9,0,-100.0,2.08,102.6,2.08,102.6,0,backtest,-635.05,1408.15,1549.7
2026-04-11,south-sydney-rabbitohs,canberra-raiders,south-sydney-rabbitohs,0.682,1.63,0,-100.0,2.54,146.3,2.54,146.3,0,backtest,-735.05,1554.45,1696.0
2026-04-11,cronulla-sutherland-sharks,sydney-roosters,cronulla-sutherland-sharks,0.638,2.24,0,-100.0,1.75,71.25,2.24,-100.0,1,backtest,-835.05,1625.7,1596.0
2026-04-12,wests-tigers,newcastle-knights,wests-tigers,0.633,1.6,1,57.0,2.62,-100.0,2.62,-100.0,0,backtest,-778.05,1525.7,1496.0
2026-04-12,parramatta-eels,gold-coast-titans,parramatta-eels,0.696,1.67,0,-100.0,2.44,136.8,2.44,136.8,0,backtest,-878.05,1662.5,1632.8
2026-04-16,north-queensland-cowboys,manly-warringah-sea-eagles,manly-warringah-sea-eagles,0.672,2.24,1,117.8,1.73,-100.0,2.24,117.8,1,backtest,-760.25,1562.5,1750.6
2026-04-17,dolphins,penrith-panthers,penrith-panthers,0.703,1.3,1,28.5,3.85,-100.0,3.85,-100.0,0,backtest,-731.75,1462.5,1650.6
2026-04-17,canberra-raiders,melbourne-storm,melbourne-storm,0.585,1.79,0,-100.0,2.24,117.8,2.24,117.8,0,backtest,-831.75,1580.3,1768.4
2026-04-18,wests-tigers,brisbane-broncos,brisbane-broncos,0.506,2.56,1,148.2,1.63,-100.0,2.56,148.2,1,backtest,-683.55,1480.3,1916.6
2026-04-18,south-sydney-rabbitohs,st-george-illawarra-dragons,south-sydney-rabbitohs,0.702,1.33,1,31.35,3.95,-100.0,3.95,-100.0,0,backtest,-652.2,1380.3,1816.6
2026-04-19,sydney-roosters,newcastle-knights,sydney-roosters,0.787,1.19,1,18.05,5.7,-100.0,5.7,-100.0,0,backtest,-634.15,1280.3,1716.6
2026-04-19,parramatta-eels,canterbury-bankstown-bulldogs,parramatta-eels,0.508,4.2,1,304.0,1.3,-100.0,4.2,304.0,1,backtest,-330.15,1180.3,2020.6
2026-04-23,wests-tigers,canberra-raiders,wests-tigers,0.682,1.48,1,45.6,3.0,-100.0,3.0,-100.0,0,backtest,-284.55,1080.3,1920.6
2026-04-24,north-queensland-cowboys,cronulla-sutherland-sharks,cronulla-sutherland-sharks,0.641,1.86,0,-100.0,2.12,106.4,2.12,106.4,0,backtest,-384.55,1186.7,2027.0
2026-04-24,brisbane-broncos,canterbury-bankstown-bulldogs,brisbane-broncos,0.759,2.34,1,127.3,1.73,-100.0,2.34,127.3,1,backtest,-257.25,1086.7,2154.3
2026-04-25,melbourne-storm,south-sydney-rabbitohs,melbourne-storm,0.675,1.57,0,-100.0,2.68,159.6,2.68,159.6,0,backtest,-357.25,1246.3,2313.9
2026-04-25,st-george-illawarra-dragons,sydney-roosters,sydney-roosters,0.704,1.19,1,18.05,6.0,-100.0,6.0,-100.0,0,backtest,-339.2,1146.3,2213.9
2026-04-26,manly-warringah-sea-eagles,parramatta-eels,manly-warringah-sea-eagles,0.735,1.45,1,42.75,3.15,-100.0,3.15,-100.0,0,backtest,-296.45,1046.3,2113.9
2026-04-26,newcastle-knights,penrith-panthers,penrith-panthers,0.781,1.21,1,19.95,5.7,-100.0,5.7,-100.0,0,backtest,-276.5,946.3,2013.9
2026-05-01,canterbury-bankstown-bulldogs,north-queensland-cowboys,canterbury-bankstown-bulldogs,0.679,1.87,0,-100.0,2.12,106.4,2.12,106.4,0,backtest,-376.5,1052.7,2120.3
2026-05-01,dolphins,melbourne-storm,dolphins,0.631,1.74,1,70.3,2.32,-100.0,2.32,-100.0,0,backtest,-306.2,952.7,2020.3
2026-05-02,sydney-roosters,brisbane-broncos,sydney-roosters,0.566,1.48,1,45.6,2.96,-100.0,2.96,-100.0,0,backtest,-260.6,852.7,1920.3
2026-05-02,gold-coast-titans,canberra-raiders,gold-coast-titans,0.502,1.6,0,-100.0,2.56,148.2,2.56,148.2,0,backtest,-360.6,1000.9,2068.5
2026-05-03,penrith-panthers,manly-warringah-sea-eagles,penrith-panthers,0.778,1.22,1,20.9,5.0,-100.0,5.0,-100.0,0,backtest,-339.7,900.9,1968.5
2026-05-03,cronulla-sutherland-sharks,wests-tigers,cronulla-sutherland-sharks,0.602,1.52,1,49.4,2.84,-100.0,2.84,-100.0,0,backtest,-290.3,800.9,1868.5
2026-05-03,newcastle-knights,south-sydney-rabbitohs,south-sydney-rabbitohs,0.559,1.78,0,-100.0,2.22,115.9,2.22,115.9,0,backtest,-390.3,916.8,1984.4
2026-05-07,dolphins,canterbury-bankstown-bulldogs,dolphins,0.718,1.37,1,35.15,3.65,-100.0,3.65,-100.0,0,backtest,-355.15,816.8,1884.4
2026-05-08,sydney-roosters,gold-coast-titans,sydney-roosters,0.844,1.15,1,14.25,7.2,-100.0,7.2,-100.0,0,backtest,-340.9,716.8,1784.4
2026-05-08,north-queensland-cowboys,parramatta-eels,north-queensland-cowboys,0.546,1.34,0,-100.0,3.85,270.75,3.85,270.75,0,backtest,-440.9,987.55,2055.15
2026-05-09,manly-warringah-sea-eagles,brisbane-broncos,manly-warringah-sea-eagles,0.602,1.97,1,92.15,2.02,-100.0,2.02,-100.0,0,backtest,-348.75,887.55,1955.15
2026-05-09,st-george-illawarra-dragons,newcastle-knights,newcastle-knights,0.544,1.4,1,38.0,3.4,-100.0,3.4,-100.0,0,backtest,-310.75,787.55,1855.15
2026-05-09,south-sydney-rabbitohs,cronulla-sutherland-sharks,cronulla-sutherland-sharks,0.594,1.57,0,-100.0,2.72,163.4,2.72,163.4,0,backtest,-410.75,950.95,2018.55
2026-05-10,canberra-raiders,penrith-panthers,penrith-panthers,0.768,1.41,1,38.95,3.4,-100.0,3.4,-100.0,0,backtest,-371.8,850.95,1918.55
2026-05-10,melbourne-storm,wests-tigers,melbourne-storm,0.68,1.31,1,29.45,4.0,-100.0,4.0,-100.0,0,backtest,-342.35,750.95,1818.55
2026-05-15,cronulla-sutherland-sharks,canterbury-bankstown-bulldogs,cronulla-sutherland-sharks,0.68,1.65,1,61.75,2.5,-100.0,2.5,-100.0,0,backtest,-280.6,650.95,1718.55
2026-05-15,south-sydney-rabbitohs,dolphins,south-sydney-rabbitohs,0.709,2.3,0,-100.0,1.74,70.3,2.3,-100.0,1,backtest,-380.6,721.25,1618.55
2026-05-16,parramatta-eels,melbourne-storm,melbourne-storm,0.502,1.4,1,38.0,3.2,-100.0,3.2,-100.0,0,backtest,-342.6,621.25,1518.55
2026-05-16,sydney-roosters,north-queensland-cowboys,sydney-roosters,0.811,1.24,0,-100.0,4.9,370.5,4.9,370.5,0,backtest,-442.6,991.75,1889.05
2026-05-16,wests-tigers,manly-warringah-sea-eagles,manly-warringah-sea-eagles,0.77,1.34,1,32.3,3.9,-100.0,3.9,-100.0,0,backtest,-410.3,891.75,1789.05
2026-05-17,gold-coast-titans,newcastle-knights,newcastle-knights,0.504,1.46,1,43.7,3.05,-100.0,3.05,-100.0,0,backtest,-366.6,791.75,1689.05
2026-05-17,penrith-panthers,st-george-illawarra-dragons,penrith-panthers,0.899,1.07,1,6.65,13.5,-100.0,13.5,-100.0,0,backtest,-359.95,691.75,1589.05
2026-05-21,canberra-raiders,dolphins,dolphins,0.632,2.28,1,121.6,1.75,-100.0,2.28,121.6,1,backtest,-238.35,591.75,1710.65
2026-05-22,canterbury-bankstown-bulldogs,melbourne-storm,melbourne-storm,0.622,2.28,0,-100.0,1.77,73.15,2.28,-100.0,1,backtest,-338.35,664.9,1610.65
2026-05-23,manly-warringah-sea-eagles,gold-coast-titans,gold-coast-titans,0.627,3.85,0,-100.0,1.32,30.4,3.85,-100.0,1,backtest,-438.35,695.3,1510.65
2026-05-24,north-queensland-cowboys,south-sydney-rabbitohs,north-queensland-cowboys,0.57,1.68,1,64.6,2.42,-100.0,2.42,-100.0,0,backtest,-373.75,595.3,1410.65
2026-05-29,cronulla-sutherland-sharks,manly-warringah-sea-eagles,manly-warringah-sea-eagles,0.644,2.18,0,-100.0,1.83,78.85,2.18,-100.0,1,backtest,-473.75,674.15,1310.65
2026-05-30,wests-tigers,canterbury-bankstown-bulldogs,canterbury-bankstown-bulldogs,0.603,2.28,0,-100.0,1.76,72.2,2.28,-100.0,1,backtest,-573.75,746.35,1210.65
2026-05-30,newcastle-knights,parramatta-eels,newcastle-knights,0.718,1.22,1,20.9,5.3,-100.0,5.3,-100.0,0,backtest,-552.85,646.35,1110.65
2026-05-30,melbourne-storm,sydney-roosters,sydney-roosters,0.549,1.65,0,-100.0,2.44,136.8,2.44,136.8,0,backtest,-652.85,783.15,1247.45
2026-05-31,canberra-raiders,north-queensland-cowboys,north-queensland-cowboys,0.59,2.46,0,-100.0,1.66,62.7,2.46,-100.0,1,backtest,-752.85,845.85,1147.45
2026-05-31,brisbane-broncos,st-george-illawarra-dragons,brisbane-broncos,0.839,1.16,0,-100.0,7.0,570.0,7.0,570.0,0,backtest,-852.85,1415.85,1717.45
2026-06-04,manly-warringah-sea-eagles,south-sydney-rabbitohs,manly-warringah-sea-eagles,0.769,1.66,1,62.7,2.48,-100.0,2.48,-100.0,0,backtest,-790.15,1315.85,1617.45
2026-06-05,melbourne-storm,newcastle-knights,melbourne-storm,0.607,1.61,1,57.95,2.48,-100.0,2.48,-100.0,0,backtest,-732.2,1215.85,1517.45
2026-06-05,canberra-raiders,sydney-roosters,sydney-roosters,0.587,1.64,1,60.8,2.48,-100.0,2.48,-100.0,0,backtest,-671.4,1115.85,1417.45
2026-06-06,brisbane-broncos,gold-coast-titans,brisbane-broncos,0.761,1.4,0,-100.0,3.45,232.75,3.45,232.75,0,backtest,-771.4,1348.6,1650.2
2026-06-06,north-queensland-cowboys,dolphins,dolphins,0.582,1.54,1,51.3,2.8,-100.0,2.8,-100.0,0,backtest,-720.1,1248.6,1550.2
2026-06-07,cronulla-sutherland-sharks,st-george-illawarra-dragons,cronulla-sutherland-sharks,0.777,1.32,1,30.4,4.0,-100.0,4.0,-100.0,0,backtest,-689.7,1148.6,1450.2
2026-06-07,wests-tigers,penrith-panthers,penrith-panthers,0.828,1.2,1,19.0,5.8,-100.0,5.8,-100.0,0,backtest,-670.7,1048.6,1350.2
2026-06-11,south-sydney-rabbitohs,brisbane-broncos,south-sydney-rabbitohs,0.592,1.41,1,38.95,3.25,-100.0,3.25,-100.0,0,backtest,-631.75,948.6,1250.2
2026-06-12,dolphins,sydney-roosters,dolphins,0.599,1.41,1,38.95,3.35,-100.0,3.35,-100.0,0,backtest,-592.8,848.6,1150.2
2026-06-13,parramatta-eels,canberra-raiders,canberra-raiders,0.555,1.76,0,-100.0,2.26,119.7,2.26,119.7,0,backtest,-692.8,968.3,1269.9
2026-06-14,wests-tigers,gold-coast-titans,gold-coast-titans,0.599,2.62,0,-100.0,1.59,56.05,2.62,-100.0,1,backtest,-792.8,1024.35,1169.9
2026-06-19,newcastle-knights,st-george-illawarra-dragons,newcastle-knights,0.721,1.33,1,31.35,4.0,-100.0,4.0,-100.0,0,backtest,-761.45,924.35,1069.9
2026-06-20,gold-coast-titans,penrith-panthers,penrith-panthers,0.77,1.27,0,-100.0,4.3,313.5,4.3,313.5,0,backtest,-861.45,1237.85,1383.4
2026-06-20,wests-tigers,dolphins,dolphins,0.807,1.55,1,52.25,2.74,-100.0,2.74,-100.0,0,backtest,-809.2,1137.85,1283.4
2026-06-20,canterbury-bankstown-bulldogs,manly-warringah-sea-eagles,manly-warringah-sea-eagles,0.791,1.43,0,-100.0,3.25,213.75,3.25,213.75,0,backtest,-909.2,1351.6,1497.15
2026-06-21,sydney-roosters,cronulla-sutherland-sharks,sydney-roosters,0.615,1.68,1,64.6,2.44,-100.0,2.44,-100.0,0,backtest,-844.6,1251.6,1397.15
2026-06-21,melbourne-storm,canberra-raiders,melbourne-storm,0.608,1.49,1,46.55,3.0,-100.0,3.0,-100.0,0,backtest,-798.05,1151.6,1297.15
2026-06-25,parramatta-eels,south-sydney-rabbitohs,south-sydney-rabbitohs,0.645,1.67,1,63.65,2.48,-100.0,2.48,-100.0,0,backtest,-734.4,1051.6,1197.15
2026-06-26,brisbane-broncos,sydney-roosters,sydney-roosters,0.738,1.54,1,51.3,2.78,-100.0,2.78,-100.0,0,backtest,-683.1,951.6,1097.15
2026-06-27,north-queensland-cowboys,penrith-panthers,penrith-panthers,0.559,1.32,0,-100.0,3.95,280.25,3.95,280.25,0,backtest,-783.1,1231.85,1377.4
2026-06-27,manly-warringah-sea-eagles,melbourne-storm,melbourne-storm,0.618,2.7,0,-100.0,1.57,54.15,2.7,-100.0,1,backtest,-883.1,1286.0,1277.4
2026-06-28,canberra-raiders,st-george-illawarra-dragons,canberra-raiders,0.699,1.35,1,33.25,3.7,-100.0,3.7,-100.0,0,backtest,-849.85,1186.0,1177.4
2026-06-28,newcastle-knights,wests-tigers,newcastle-knights,0.77,1.36,1,34.2,3.7,-100.0,3.7,-100.0,0,backtest,-815.65,1086.0,1077.4
2026-07-03,penrith-panthers,south-sydney-rabbitohs,penrith-panthers,0.671,1.63,1,59.85,2.46,-100.0,2.46,-100.0,0,backtest,-755.8,986.0,977.4
2026-07-04,brisbane-broncos,cronulla-sutherland-sharks,cronulla-sutherland-sharks,0.661,1.55,1,52.25,2.78,-100.0,2.78,-100.0,0,backtest,-703.55,886.0,877.4
2026-07-04,st-george-illawarra-dragons,wests-tigers,st-george-illawarra-dragons,0.513,2.28,1,121.6,1.69,-100.0,2.28,121.6,1,backtest,-581.95,786.0,999.0
2026-07-05,parramatta-eels,manly-warringah-sea-eagles,manly-warringah-sea-eagles,0.812,1.33,0,-100.0,3.9,275.5,3.9,275.5,0,backtest,-681.95,1061.5,1274.5
2026-07-05,newcastle-knights,dolphins,dolphins,0.615,1.91,0,-100.0,2.08,102.6,2.08,102.6,0,backtest,-781.95,1164.1,1377.1
2026-07-11,dolphins,cronulla-sutherland-sharks,dolphins,0.579,1.86,0,-100.0,2.16,110.2,2.16,110.2,0,live,-881.95,1274.3,1487.3
2026-07-11,sydney-roosters,parramatta-eels,sydney-roosters,0.76,1.3,1,28.5,4.1,-100.0,4.1,-100.0,0,live,-853.45,1174.3,1387.3
2026-07-11,canterbury-bankstown-bulldogs,canberra-raiders,canterbury-bankstown-bulldogs,0.74,1.7,0,-100.0,2.32,125.4,2.32,125.4,0,live,-953.45,1299.7,1512.7
2026-07-12,melbourne-storm,gold-coast-titans,melbourne-storm,0.649,1.37,1,35.15,3.5,-100.0,3.5,-100.0,0,live,-918.3,1199.7,1412.7
2026-07-12,manly-warringah-sea-eagles,north-queensland-cowboys,manly-warringah-sea-eagles,0.769,1.47,0,-100.0,3.05,194.75,3.05,194.75,0,live,-1018.3,1394.45,1607.45
2026-07-12,south-sydney-rabbitohs,newcastle-knights,south-sydney-rabbitohs,0.672,1.41,1,41.0,3.35,-100.0,3.35,-100.0,0,live,-977.3,1294.45,1507.45
2026-07-16,penrith-panthers,brisbane-broncos,penrith-panthers,0.814,1.26,0,-100.0,4.5,350.0,4.5,350.0,0,live,-1077.3,1644.45,1857.45
2026-07-17,cronulla-sutherland-sharks,newcastle-knights,cronulla-sutherland-sharks,0.737,1.4,1,40.0,3.4,-100.0,3.4,-100.0,0,live,-1037.3,1544.45,1757.45
2026-07-17,sydney-roosters,melbourne-storm,sydney-roosters,0.712,1.31,1,31.0,4.0,-100.0,4.0,-100.0,0,live,-1006.3,1444.45,1657.45
2026-07-18,canterbury-bankstown-bulldogs,wests-tigers,canterbury-bankstown-bulldogs,0.551,1.52,1,52.0,2.86,-100.0,2.86,-100.0,0,live,-954.3,1344.45,1557.45
2026-07-18,canberra-raiders,south-sydney-rabbitohs,canberra-raiders,0.514,1.94,1,94.0,2.04,-100.0,2.04,-100.0,0,live,-860.3,1244.45,1457.45
2026-07-19,dolphins,north-queensland-cowboys,north-queensland-cowboys,0.674,2.46,0,-100.0,1.67,67.0,2.46,-100.0,1,live,-960.3,1311.45,1357.45
2026-07-19,gold-coast-titans,manly-warringah-sea-eagles,manly-warringah-sea-eagles,0.556,1.62,0,-100.0,2.45,145.0,2.45,145.0,0,live,-1060.3,1456.45,1502.45
2026-07-23,parramatta-eels,penrith-panthers,penrith-panthers,0.798,1.19,1,19.0,6.0,-100.0,6.0,-100.0,0,live,-1041.3,1356.45,1402.45
2026-07-24,south-sydney-rabbitohs,melbourne-storm,melbourne-storm,0.55,1.95,0,-100.0,2.02,102.0,2.02,102.0,0,live,-1141.3,1458.45,1504.45
2026-07-24,newcastle-knights,sydney-roosters,sydney-roosters,0.55,1.46,1,46.0,3.15,-100.0,3.15,-100.0,0,live,-1095.3,1358.45,1404.45
2026-07-25,canberra-raiders,wests-tigers,canberra-raiders,0.62,1.2,1,20.0,5.6,-100.0,5.6,-100.0,0,live,-1075.3,1258.45,1304.45
2026-07-25,north-queensland-cowboys,brisbane-broncos,brisbane-broncos,0.753,1.67,0,-100.0,2.46,146.0,2.46,146.0,0,live,-1175.3,1404.45,1450.45
2026-07-26,st-george-illawarra-dragons,gold-coast-titans,st-george-illawarra-dragons,0.647,1.99,0,-100.0,1.99,99.0,1.99,99.0,0,live,-1275.3,1503.45,1549.45
2026-07-26,manly-warringah-sea-eagles,cronulla-sutherland-sharks,manly-warringah-sea-eagles,0.503,2.42,0,-100.0,1.69,69.0,2.42,-100.0,1,live,-1375.3,1572.45,1449.45
2026-07-30,north-queensland-cowboys,sydney-roosters,sydney-roosters,0.639,1.61,1,61.0,2.6,-100.0,2.6,-100.0,0,live,-1314.3,1472.45,1349.45
2026-07-31,st-george-illawarra-dragons,dolphins,dolphins,0.698,1.25,1,25.0,5.0,-100.0,5.0,-100.0,0,live,-1289.3,1372.45,1249.45
2026-07-31,melbourne-storm,canterbury-bankstown-bulldogs,melbourne-storm,0.622,2.65,0,-100.0,1.59,59.0,2.65,-100.0,1,live,-1389.3,1431.45,1149.45
2026-08-01,brisbane-broncos,newcastle-knights,brisbane-broncos,0.514,1.56,0,-100.0,2.68,168.0,2.68,168.0,0,live,-1489.3,1599.45,1317.45
2026-08-01,penrith-panthers,canberra-raiders,penrith-panthers,0.831,1.37,1,37.0,3.6,-100.0,3.6,-100.0,0,live,-1452.3,1499.45,1217.45
2026-08-02,cronulla-sutherland-sharks,south-sydney-rabbitohs,cronulla-sutherland-sharks,0.815,1.26,1,26.0,4.7,-100.0,4.7,-100.0,0,live,-1426.3,1399.45,1117.45
2026-08-02,wests-tigers,parramatta-eels,parramatta-eels,0.586,1.48,1,48.0,3.0,-100.0,3.0,-100.0,0,live,-1378.3,1299.45,1017.45
2026-08-06,gold-coast-titans,north-queensland-cowboys,north-queensland-cowboys,0.528,1.65,1,65.0,2.55,-100.0,2.55,-100.0,0,live,-1313.3,1199.45,917.45
2026-08-07,sydney-roosters,canterbury-bankstown-bulldogs,sydney-roosters,0.56,1.55,1,55.0,2.66,-100.0,2.66,-100.0,0,live,-1258.3,1099.45,817.45
2026-08-08,dolphins,brisbane-broncos,dolphins,0.723,1.45,1,45.0,3.1,-100.0,3.1,-100.0,0,live,-1213.3,999.45,717.45
2026-08-08,melbourne-storm,manly-warringah-sea-eagles,manly-warringah-sea-eagles,0.587,1.8,0,-100.0,2.2,120.0,2.2,120.0,0,live,-1313.3,1119.45,837.45
2026-08-08,south-sydney-rabbitohs,parramatta-eels,south-sydney-rabbitohs,0.59,1.35,1,35.0,3.65,-100.0,3.65,-100.0,0,live,-1278.3,1019.45,737.45
2026-08-09,st-george-illawarra-dragons,cronulla-sutherland-sharks,cronulla-sutherland-sharks,0.793,1.16,0,-100.0,6.6,560.0,6.6,560.0,0,live,-1378.3,1579.45,1297.45
2026-08-09,canberra-raiders,newcastle-knights,newcastle-knights,0.622,2.36,1,136.0,1.71,-100.0,2.36,136.0,1,live,-1242.3,1479.45,1433.45
2026-08-13,penrith-panthers,sydney-roosters,penrith-panthers,0.596,1.4,0,-100.0,3.4,240.0,3.4,240.0,0,live,-1342.3,1719.45,1673.45
2026-08-14,manly-warringah-sea-eagles,dolphins,manly-warringah-sea-eagles,0.53,3.55,0,-100.0,1.37,37.0,3.55,-100.0,1,live,-1442.3,1756.45,1573.45
2026-08-14,canterbury-bankstown-bulldogs,south-sydney-rabbitohs,canterbury-bankstown-bulldogs,0.72,1.66,0,-100.0,2.46,146.0,2.46,146.0,0,live,-1542.3,1902.45,1719.45
2026-08-15,parramatta-eels,north-queensland-cowboys,parramatta-eels,0.629,2.68,1,168.0,1.56,-100.0,2.68,168.0,1,live,-1374.3,1802.45,1887.45
2026-08-15,cronulla-sutherland-sharks,canberra-raiders,cronulla-sutherland-sharks,0.804,1.35,0,-100.0,3.75,275.0,3.75,275.0,0,live,-1474.3,2077.45,2162.45
2026-08-16,wests-tigers,st-george-illawarra-dragons,st-george-illawarra-dragons,0.501,2.0,1,100.0,1.92,-100.0,2.0,100.0,1,live,-1374.3,1977.45,2262.45
2026-08-16,newcastle-knights,gold-coast-titans,newcastle-knights,0.845,1.26,1,26.0,4.7,-100.0,4.7,-100.0,0,live,-1348.3,1877.45,2162.45
2026-08-20,melbourne-storm,penrith-panthers,penrith-panthers,0.63,1.45,1,45.0,3.1,-100.0,3.1,-100.0,0,live,-1303.3,1777.45,2062.45
2026-08-21,dolphins,parramatta-eels,dolphins,0.723,1.25,1,25.0,5.3,-100.0,5.3,-100.0,0,live,-1278.3,1677.45,1962.45
2026-08-21,canberra-raiders,brisbane-broncos,canberra-raiders,0.733,1.32,0,-100.0,4.1,310.0,4.1,310.0,0,live,-1378.3,1987.45,2272.45
2026-08-22,st-george-illawarra-dragons,canterbury-bankstown-bulldogs,canterbury-bankstown-bulldogs,0.691,1.48,1,48.0,2.8,-100.0,2.8,-100.0,0,live,-1330.3,1887.45,2172.45
2026-08-22,newcastle-knights,manly-warringah-sea-eagles,newcastle-knights,0.607,1.43,0,-100.0,3.15,215.0,3.15,215.0,0,live,-1430.3,2102.45,2387.45
2026-08-23,gold-coast-titans,cronulla-sutherland-sharks,cronulla-sutherland-sharks,0.816,1.5,1,50.0,3.25,-100.0,3.25,-100.0,0,live,-1380.3,2002.45,2287.45
2026-08-23,sydney-roosters,wests-tigers,sydney-roosters,0.9,1.09,0,-100.0,11.0,1000.0,11.0,1000.0,0,live,-1480.3,3002.45,3287.45
2026-08-27,brisbane-broncos,melbourne-storm,melbourne-storm,0.704,1.7,1,70.0,2.3,-100.0,2.3,-100.0,0,live,-1410.3,2902.45,3187.45
2026-08-28,manly-warringah-sea-eagles,st-george-illawarra-dragons,manly-warringah-sea-eagles,0.828,1.35,1,35.0,3.7,-100.0,3.7,-100.0,0,live,-1375.3,2802.45,3087.45
2026-08-28,penrith-panthers,canterbury-bankstown-bulldogs,penrith-panthers,0.706,1.35,1,35.0,3.85,-100.0,3.85,-100.0,0,live,-1340.3,2702.45,2987.45
2026-08-29,north-queensland-cowboys,wests-tigers,north-queensland-cowboys,0.699,1.28,1,28.0,4.3,-100.0,4.3,-100.0,0,live,-1312.3,2602.45,2887.45
2026-08-29,sydney-roosters,dolphins,sydney-roosters,0.744,1.61,0,-100.0,2.6,160.0,2.6,160.0,0,live,-1412.3,2762.45,3047.45
2026-08-30,parramatta-eels,cronulla-sutherland-sharks,cronulla-sutherland-sharks,0.668,1.5,0,-100.0,3.05,205.0,3.05,205.0,0,live,-1512.3,2967.45,3252.45
2026-09-03,canterbury-bankstown-bulldogs,brisbane-broncos,canterbury-bankstown-bulldogs,0.863,1.48,0,-100.0,3.2,220.0,3.2,220.0,0,live,-1612.3,3187.45,3472.45
2026-09-04,gold-coast-titans,dolphins,dolphins,0.915,1.33,1,33.0,4.1,-100.0,4.1,-100.0,0,live,-1579.3,3087.45,3372.45
2026-09-05,north-queensland-cowboys,canberra-raiders,canberra-raiders,0.516,2.66,1,166.0,1.58,-100.0,2.66,166.0,1,live,-1413.3,2987.45,3538.45
2026-09-05,cronulla-sutherland-sharks,melbourne-storm,melbourne-storm,0.759,1.4,1,40.0,3.2,-100.0,3.2,-100.0,0,live,-1373.3,2887.45,3438.45
2026-09-06,penrith-panthers,wests-tigers,penrith-panthers,0.877,1.12,1,12.0,10.0,-100.0,10.0,-100.0,0,live,-1361.3,2787.45,3338.45
2026-09-06,st-george-illawarra-dragons,parramatta-eels,parramatta-eels,0.717,1.65,0,-100.0,2.48,148.0,2.48,148.0,0,live,-1461.3,2935.45,3486.45
2026-09-11,south-sydney-rabbitohs,newcastle-knights,south-sydney-rabbitohs,0.77,1.41,0,-100.0,3.35,235.0,3.35,235.0,0,live,-1561.3,3170.45,3721.45
2026-09-12,cronulla-sutherland-sharks,north-queensland-cowboys,cronulla-sutherland-sharks,0.843,1.45,1,45.0,3.1,-100.0,3.1,-100.0,0,live,-1516.3,3070.45,3621.45
2026-09-13,penrith-panthers,sydney-roosters,penrith-panthers,0.74,1.4,1,40.0,3.4,-100.0,3.4,-100.0,0,live,-1476.3,2970.45,3521.45
2026-09-19,sydney-roosters,cronulla-sutherland-sharks,cronulla-sutherland-sharks,0.592,3.05,0,-100.0,1.48,48.0,3.05,-100.0,1,live,-1576.3,3018.45,3421.45
2026-09-25,dolphins,sydney-roosters,dolphins,0.589,1.74,0,-100.0,2.32,132.0,2.32,132.0,0,live,-1676.3,3150.45,3553.45
