player,team,games,last_seen,presence_rating,presence_pct,position,stats_rating,stats_vs_position,tries_per_game
Tom Trbojevic,manly-warringah-sea-eagles,127,2026-09-05,0.603,99,Fullback,-0.264,-0.391,0.772
Dylan Edwards,penrith-panthers,172,2026-09-13,0.542,99,Fullback,-0.2,-0.328,0.391
Peta Hiku,north-queensland-cowboys,118,2023-09-02,0.495,99,Centre,-1.912,-1.352,0.138
Dunamis Lui,warriors,84,2022-08-26,0.469,99,Prop,-1.702,0.308,0.0
Jahrome Hughes,melbourne-storm,180,2026-09-05,0.452,99,Halfback,-0.59,-2.679,0.386
Mitchell Barnett,warriors,156,2026-09-20,0.448,99,Prop,-1.693,0.317,0.108
Isaah Yeo,penrith-panthers,199,2026-09-13,0.424,99,Lock,-2.228,-0.032,0.106
Christopher Smith,penrith-panthers,35,2022-09-03,0.42,99,,,,
Latrell Mitchell,south-sydney-rabbitohs,143,2026-09-11,0.405,99,Fullback,9.16,9.032,0.604
Kurt Donoghoe,dolphins,55,2026-09-12,0.403,99,Interchange,-2.145,-0.389,0.091
Kurt Capewell,warriors,170,2026-09-20,0.398,98,2nd Row,-2.069,-0.22,0.198
Cody Walker,south-sydney-rabbitohs,199,2026-09-11,0.382,98,Five-Eighth,-0.964,-0.562,0.453
James Segeyaro,manly-warringah-sea-eagles,40,2022-07-28,0.382,98,Interchange,-0.28,1.476,0.0
James Fisher-Harris,warriors,203,2026-09-20,0.376,98,Prop,-2.072,-0.062,0.096
Zane Tetevano,penrith-panthers,67,2020-10-17,0.367,98,,,,
Reed Mahoney,north-queensland-cowboys,192,2026-09-12,0.367,98,Hooker,-2.489,-0.359,0.173
Cameron Smith,melbourne-storm,71,2020-10-25,0.364,98,,,,
Lachlan Fitzgibbon,newcastle-knights,97,2023-09-10,0.359,98,2nd Row,-1.824,0.024,0.195
Mitchell Moses,parramatta-eels,169,2026-09-06,0.351,98,Halfback,9.199,7.11,0.275
Ligi Sao,warriors,13,2019-09-07,0.349,97,,,,
David Fifita,south-sydney-rabbitohs,143,2026-09-11,0.349,98,2nd Row,-1.388,0.461,0.412
Mitch Kenny,penrith-panthers,133,2026-09-13,0.341,97,Hooker,-2.905,-0.775,0.033
Jordan Mclean,north-queensland-cowboys,151,2025-08-30,0.332,97,Prop,-2.194,-0.183,0.028
Griffin Neame,north-queensland-cowboys,107,2026-09-12,0.33,97,Interchange,-2.129,-0.373,0.069
Taane Milne,south-sydney-rabbitohs,68,2024-09-06,0.324,97,Winger,-1.512,-0.619,0.32
Daniel Suluka-Fifita,canterbury-bankstown-bulldogs,45,2025-08-28,0.323,97,Interchange,-2.007,-0.251,0.021
Kodi Nikorima,dolphins,184,2026-09-12,0.323,97,Five-Eighth,-0.583,-0.18,0.186
Lipoi Hopoi,canterbury-bankstown-bulldogs,15,2026-07-25,0.322,97,Interchange,-1.871,-0.114,0.034
Bradman Best,newcastle-knights,118,2026-09-20,0.321,97,Centre,-1.501,-0.941,0.345
Suliasi Vunivalu,melbourne-storm,63,2020-10-25,0.32,97,,,,
Sam Verrills,gold-coast-titans,113,2026-09-04,0.317,96,Hooker,-2.631,-0.501,0.084
Jesse Ramien,cronulla-sutherland-sharks,178,2026-08-09,0.316,96,Centre,-1.641,-1.081,0.323
Haumole Olakau'Atu,manly-warringah-sea-eagles,127,2026-09-05,0.314,96,2nd Row,-1.52,0.329,0.386
Cameron Munster,melbourne-storm,188,2026-09-05,0.313,96,Five-Eighth,-0.575,-0.172,0.289
Albert Hopoate,canberra-raiders,42,2025-03-15,0.309,96,Winger,-1.595,-0.703,0.26
Kl Iro,cronulla-sutherland-sharks,61,2026-09-19,0.309,96,Centre,-1.402,-0.843,0.385
Michael Oldfield,parramatta-eels,25,2021-09-03,0.306,96,Winger,-0.571,0.322,0.0
Moses Suli,st-george-illawarra-dragons,149,2026-09-06,0.305,96,Centre,-1.972,-1.412,0.155
Apisai Koroisau,wests-tigers,178,2026-09-06,0.303,96,Hooker,-0.326,1.805,0.191
Tom Opacic,parramatta-eels,72,2022-09-16,0.302,96,Centre,-1.581,-1.022,0.317
Tyson Smoothy,brisbane-broncos,46,2025-10-05,0.298,95,Interchange,-2.096,-0.339,0.032
Makahesi Makatoa,sydney-roosters,58,2025-07-06,0.298,96,Interchange,-2.17,-0.413,0.013
Nicho Hynes,cronulla-sutherland-sharks,146,2026-09-19,0.293,95,Halfback,10.582,8.493,0.268
Felise Kaufusi,dolphins,178,2026-09-04,0.288,95,2nd Row,-2.255,-0.406,0.076
Herbie Farnworth,dolphins,137,2026-09-12,0.286,95,Centre,-0.722,-0.162,0.539
Morgan Knowles,dolphins,24,2026-09-12,0.285,95,Lock,-2.015,0.181,0.032
Ali Leiataua,warriors,38,2026-09-20,0.283,95,Centre,-1.674,-1.114,0.261
Joseph Manu,sydney-roosters,160,2024-09-27,0.282,95,Centre,-1.285,-0.725,0.433
Gideon Gela-Mosby,north-queensland-cowboys,7,2019-08-08,0.282,95,,,,
Ativalu Lisati,melbourne-storm,23,2026-06-27,0.28,95,Interchange,-1.655,0.102,0.179
Dane Gagai,newcastle-knights,202,2026-09-20,0.278,95,Centre,-0.948,-0.388,0.271
Tyrone May,penrith-panthers,47,2021-10-03,0.277,94,Interchange,-1.65,0.106,0.13
Corey Harawira-Naera,canberra-raiders,98,2023-05-27,0.274,94,2nd Row,-1.686,0.162,0.188
Edrick Lee,dolphins,59,2023-04-07,0.271,94,Winger,-0.379,0.513,0.824
Thomas Mikaele,north-queensland-cowboys,107,2026-09-05,0.268,94,Interchange,-2.222,-0.466,0.0
Joseph Tapine,canberra-raiders,190,2026-09-05,0.266,94,Prop,-2.107,-0.096,0.077
Jayden Sullivan,south-sydney-rabbitohs,63,2026-09-11,0.266,94,Halfback,-1.084,-3.173,0.169
Murray Taulagi,north-queensland-cowboys,121,2026-08-15,0.263,94,Winger,-0.879,0.014,0.609
Aidan Sezer,wests-tigers,53,2024-08-22,0.263,94,Halfback,1.515,-0.574,0.0
Fletcher Sharpe,newcastle-knights,50,2026-09-20,0.263,94,Five-Eighth,-0.837,-0.434,0.66
Keegan Hipgrave,parramatta-eels,48,2021-09-03,0.262,93,Interchange,-1.359,0.397,0.0
Iszac Fa'Asuamaleaui,gold-coast-titans,28,2025-09-06,0.262,94,Interchange,-1.935,-0.179,0.03
Royce Hunt,wests-tigers,102,2026-06-07,0.261,93,Interchange,-1.956,-0.199,0.121
Jared Waerea-Hargreaves,sydney-roosters,139,2024-09-27,0.255,93,Prop,-2.113,-0.102,0.038
Jeremy Latimore,st-george-illawarra-dragons,40,2019-09-07,0.254,93,,,,
Jarrod Croker,canberra-raiders,93,2023-08-26,0.254,93,Centre,7.306,7.866,0.143
Reimis Smith,melbourne-storm,114,2024-06-09,0.253,93,Centre,-1.643,-1.084,0.319
Luke Keary,sydney-roosters,141,2024-09-27,0.253,93,Five-Eighth,-1.148,-0.745,0.143
Adam Reynolds,brisbane-broncos,185,2026-08-01,0.252,93,Halfback,11.041,8.952,0.202
Jeremiah Nanai,north-queensland-cowboys,92,2026-09-12,0.251,93,2nd Row,-1.344,0.505,0.515
Jordan Kahu,brisbane-broncos,34,2020-08-21,0.248,92,,,,
Jack Bostock,dolphins,55,2026-09-12,0.248,93,Winger,-0.996,-0.104,0.548
Maika Sivo,parramatta-eels,110,2024-09-06,0.248,92,Winger,-0.195,0.697,0.915
Benji Marshall,south-sydney-rabbitohs,75,2021-10-03,0.247,92,Interchange,-1.612,0.145,0.12
Sam Tagataese,brisbane-broncos,4,2018-06-16,0.247,92,,,,
Mark Nicholls,dolphins,163,2025-09-07,0.246,92,Interchange,-1.984,-0.228,0.106
Patrick Mago,south-sydney-rabbitohs,35,2021-09-04,0.245,92,Interchange,-1.699,0.058,0.0
Dale Copley,sydney-roosters,43,2021-08-22,0.238,92,Reserve,-0.82,0.285,0.375
Hugo Savala,sydney-roosters,41,2026-09-19,0.238,92,Centre,1.216,1.776,0.261
Jamie Humphreys,south-sydney-rabbitohs,37,2026-09-11,0.238,92,Halfback,-0.071,-2.16,0.087
Josh Morris,sydney-roosters,79,2021-09-17,0.238,92,Centre,-1.057,-0.497,0.45
Brandon Smith,south-sydney-rabbitohs,164,2026-09-11,0.236,92,Hooker,-1.984,0.146,0.226
Lachlan Lewis,canterbury-bankstown-bulldogs,41,2021-07-25,0.233,91,Five-Eighth,-0.501,-0.098,0.286
Adam Pompey,warriors,134,2026-09-20,0.233,91,Centre,-0.169,0.391,0.267
Campbell Graham,south-sydney-rabbitohs,153,2026-09-11,0.231,91,Centre,-1.131,-0.571,0.545
John Bateman,north-queensland-cowboys,92,2026-09-12,0.23,91,2nd Row,-2.124,-0.275,0.121
Xavier Savage,canberra-raiders,85,2026-09-05,0.228,91,Winger,-0.915,-0.023,0.629
Corey Thompson,gold-coast-titans,83,2022-09-03,0.228,91,Winger,-1.462,-0.57,0.265
Ryan Papenhuyzen,melbourne-storm,112,2025-10-05,0.226,91,Fullback,6.496,6.368,0.803
Josh Addo-Carr,parramatta-eels,179,2026-09-06,0.225,91,Winger,-0.624,0.268,0.706
Tom Eisenhuth,st-george-illawarra-dragons,81,2024-09-07,0.224,91,Interchange,-2.127,-0.37,0.087
Christian Welch,melbourne-storm,127,2024-10-06,0.223,91,Prop,-2.078,-0.068,0.06
Spencer Leniu,sydney-roosters,136,2026-09-19,0.221,90,Interchange,-2.103,-0.347,0.074
Sean Russell,parramatta-eels,75,2026-08-30,0.219,90,Centre,-0.745,-0.185,0.341
Aiden Tolman,cronulla-sutherland-sharks,94,2022-09-17,0.215,90,Interchange,-2.029,-0.273,0.048
Jarome Luai,wests-tigers,168,2026-09-06,0.214,90,Five-Eighth,-1.806,-1.404,0.154
Matthew Lodge,north-queensland-cowboys,134,2026-08-06,0.214,90,Prop,-2.14,-0.129,0.045
Jacob Laban,warriors,44,2026-09-20,0.211,90,2nd Row,-1.88,-0.031,0.175
Keenan Palasia,gold-coast-titans,63,2024-09-07,0.21,90,Interchange,-2.109,-0.353,0.058
Daniel Tupou,sydney-roosters,185,2026-09-19,0.209,90,Winger,-0.574,0.318,0.743
Hudson Young,canberra-raiders,152,2026-07-18,0.209,90,2nd Row,-1.477,0.371,0.424
Jamal Fogarty,manly-warringah-sea-eagles,137,2026-09-05,0.209,90,Halfback,9.059,6.97,0.129
Jonah Pezet,parramatta-eels,24,2026-07-11,0.208,89,Five-Eighth,-0.358,0.045,0.192
Daly Cherry-Evans,sydney-roosters,201,2026-09-19,0.207,89,Halfback,1.106,-0.983,0.315
Harry Hayes,canterbury-bankstown-bulldogs,52,2026-09-03,0.206,89,Interchange,-2.113,-0.357,0.034
Jack Hetherington,melbourne-storm,104,2026-09-05,0.206,89,Interchange,-2.234,-0.478,0.03
Josh Papalii,canberra-raiders,190,2026-09-05,0.204,89,Prop,-1.876,0.134,0.157
Tuku Hau Tapuha,cronulla-sutherland-sharks,21,2026-07-11,0.203,89,Interchange,-1.742,0.014,0.074
Billy Phillips,penrith-panthers,23,2026-09-13,0.202,89,Interchange,-1.755,0.002,0.08
Brendan Piakura,brisbane-broncos,66,2026-07-16,0.202,89,2nd Row,-2.014,-0.165,0.134
Brett Morris,sydney-roosters,61,2021-05-01,0.199,89,Winger,0.645,1.537,1.571
Jordan Riki,brisbane-broncos,132,2026-09-03,0.199,89,2nd Row,-2.071,-0.223,0.206
Haze Dunster,parramatta-eels,18,2023-05-13,0.198,88,Winger,-1.708,-0.815,0.08
Iosia Soliola,canberra-raiders,79,2021-09-02,0.198,88,Interchange,-1.628,0.129,0.053
Greg Marzhew,newcastle-knights,111,2026-09-20,0.198,88,Winger,-0.785,0.107,0.643
Blake Ferguson,parramatta-eels,81,2021-09-18,0.197,88,Winger,-0.642,0.251,0.556
Jacob Kiraz,canterbury-bankstown-bulldogs,96,2026-09-03,0.196,88,Winger,-1.326,-0.433,0.431
Luke Metcalf,warriors,43,2026-08-15,0.195,88,Five-Eighth,2.18,2.583,0.386
Cody Hopwood,newcastle-knights,17,2026-09-20,0.194,88,Prop,-1.877,0.133,0.0
Sandon Smith,newcastle-knights,69,2026-09-20,0.193,88,Five-Eighth,3.397,3.8,0.087
Noah Martin,canberra-raiders,17,2026-09-05,0.192,88,2nd Row,-1.607,0.242,0.222
Clinton Gutherson,st-george-illawarra-dragons,200,2026-08-09,0.191,88,Fullback,0.778,0.65,0.479
Tevita Pangai Junior,dolphins,108,2024-09-08,0.191,88,Prop,-1.947,0.063,0.134
Leivaha Pulu,warriors,13,2019-06-30,0.19,87,,,,
Chris Lewis,melbourne-storm,42,2024-08-08,0.189,87,Interchange,-2.039,-0.283,0.059
Luron Patea,penrith-panthers,19,2026-09-06,0.188,87,Interchange,-1.739,0.017,0.042
Rhys Kennedy,brisbane-broncos,47,2022-09-03,0.187,87,Interchange,-1.78,-0.023,0.071
Isaiya Katoa,dolphins,88,2026-09-12,0.186,87,Halfback,-1.031,-3.12,0.082
Jayden Berrell,cronulla-sutherland-sharks,7,2026-07-04,0.185,87,Interchange,-1.735,0.022,0.0
David Armstrong,newcastle-knights,5,2024-05-31,0.184,87,Fullback,0.006,-0.121,1.0
Jai Arrow,south-sydney-rabbitohs,150,2025-09-05,0.183,87,2nd Row,-2.184,-0.335,0.065
Trent Merrin,st-george-illawarra-dragons,42,2021-04-18,0.183,87,Interchange,-0.886,0.87,0.167
Mark Nawaqanitawase,sydney-roosters,43,2026-09-19,0.181,87,Winger,-0.069,0.823,0.979
Brian To'O,penrith-panthers,154,2026-09-13,0.18,86,Winger,-0.537,0.356,0.705
Samuel Stonestreet,cronulla-sutherland-sharks,28,2026-06-07,0.18,86,Winger,-1.03,-0.137,0.513
Kurt Baptiste,north-queensland-cowboys,17,2019-06-14,0.18,86,,,,
Valentine Holmes,st-george-illawarra-dragons,159,2026-09-06,0.179,86,Centre,10.195,10.755,0.435
Jack Howarth,melbourne-storm,50,2026-08-20,0.179,86,Centre,-1.675,-1.115,0.222
Yee-Huang Tonumaipe'A,melbourne-storm,29,2024-08-29,0.178,86,,,,
Caleb Navale,manly-warringah-sea-eagles,12,2026-09-05,0.177,86,Interchange,-1.59,0.166,0.105
Alofiana Khan-Pereira,warriors,73,2026-09-20,0.177,86,Winger,-0.55,0.342,0.802
Charnze Nicoll-Klokstad,warriors,143,2026-09-20,0.175,86,Fullback,-1.365,-1.493,0.374
Jack De Belin,parramatta-eels,137,2026-09-06,0.175,86,Lock,-2.2,-0.003,0.085
Bunty Afoa,wests-tigers,130,2026-09-06,0.173,85,Interchange,-2.159,-0.403,0.042
Brenko Lee,dolphins,55,2023-06-09,0.173,85,Centre,-1.86,-1.3,0.038
Sam Walker,sydney-roosters,104,2026-08-29,0.172,85,Halfback,9.497,7.408,0.321
Marata Niukore,warriors,160,2026-07-10,0.171,85,2nd Row,-2.086,-0.238,0.133
Sam Burgess,south-sydney-rabbitohs,41,2019-09-27,0.171,85,,,,
Mitchell Pearce,newcastle-knights,66,2021-09-12,0.17,85,Halfback,-0.668,-2.757,0.25
Andrew Mccullough,st-george-illawarra-dragons,91,2022-09-03,0.169,85,Hooker,-2.417,-0.286,0.049
Lehi Hopoate,manly-warringah-sea-eagles,59,2026-09-05,0.168,85,Winger,-0.579,0.314,0.698
Dylan Egan,st-george-illawarra-dragons,24,2026-09-06,0.168,85,2nd Row,-1.623,0.225,0.2
Kotoni Staggs,brisbane-broncos,162,2026-09-03,0.167,85,Centre,-0.256,0.304,0.407
James Tamou,north-queensland-cowboys,108,2023-03-25,0.166,85,Prop,-1.836,0.174,0.122
Ronaldo Mulitalo,cronulla-sutherland-sharks,151,2026-09-19,0.165,84,Winger,-0.651,0.242,0.71
Harry Grant,melbourne-storm,140,2026-09-05,0.163,84,Hooker,-1.703,0.427,0.344
Tui Kamikamica,melbourne-storm,139,2026-03-28,0.16,84,Prop,-2.104,-0.093,0.073
Kevin Naiqama,sydney-roosters,26,2022-09-11,0.16,84,Winger,-1.048,-0.156,0.222
Josiah Pahulu,melbourne-storm,22,2026-07-17,0.159,84,Interchange,-1.893,-0.137,0.032
Joseph Vuna,gold-coast-titans,15,2023-09-03,0.157,84,Interchange,-1.362,0.395,0.083
Zac Woolford,canberra-raiders,39,2024-06-23,0.156,84,Hooker,-2.379,-0.249,0.0
Wiremu Greig,north-queensland-cowboys,30,2026-05-31,0.155,84,Interchange,-1.939,-0.182,0.027
Nelson Asofa-Solomona,melbourne-storm,159,2025-09-04,0.155,84,Prop,-1.842,0.168,0.174
Lindsay Smith,penrith-panthers,103,2026-09-13,0.154,84,Interchange,-2.107,-0.351,0.102
Bronson Xerri,canterbury-bankstown-bulldogs,78,2026-09-03,0.153,83,Centre,-1.532,-0.972,0.328
Tui Lolohea,wests-tigers,6,2018-06-10,0.151,83,,,,
Clayton Faulalo,manly-warringah-sea-eagles,24,2026-09-05,0.151,83,Replacement,-1.395,0.036,0.333
Will Pryce,newcastle-knights,5,2024-09-01,0.15,83,Five-Eighth,-0.1,0.302,0.2
Toby Sexton,canterbury-bankstown-bulldogs,62,2025-09-21,0.148,83,Halfback,0.992,-1.097,0.145
Dylan Walker,parramatta-eels,166,2026-09-06,0.147,83,Interchange,-2.129,-0.373,0.107
Thomas Hazelton,cronulla-sutherland-sharks,78,2026-09-19,0.147,83,Interchange,-1.872,-0.115,0.149
Kit Laulilii,wests-tigers,3,2025-07-06,0.147,83,Interchange,-1.25,0.506,0.0
Mason Teague,dolphins,7,2023-06-03,0.146,83,Interchange,-1.466,0.29,0.0
Sam Thaiday,brisbane-broncos,25,2018-09-09,0.144,83,,,,
Treymain Spry,gold-coast-titans,5,2020-09-25,0.144,82,Replacement,-0.28,1.151,0.0
Jesse Marschke,st-george-illawarra-dragons,6,2024-07-13,0.143,82,Interchange,-1.035,0.721,0.0
Adam Blair,warriors,65,2020-09-27,0.142,82,,,,
Teig Wilton,cronulla-sutherland-sharks,127,2026-09-19,0.142,82,2nd Row,-1.957,-0.108,0.238
Joe Chan,melbourne-storm,45,2026-07-12,0.142,82,Interchange,-2.041,-0.285,0.075
Dylan Brown,newcastle-knights,154,2026-07-24,0.142,82,Five-Eighth,-1.549,-1.146,0.238
Korbin Sims,st-george-illawarra-dragons,43,2020-08-21,0.141,82,,,,
Jaiyden Hunt,brisbane-broncos,39,2026-09-03,0.141,82,Interchange,-2.233,-0.477,0.017
Kurt Mann,canterbury-bankstown-bulldogs,167,2026-08-22,0.14,82,Interchange,-2.113,-0.357,0.11
Stephen Crichton,canterbury-bankstown-bulldogs,158,2026-09-03,0.14,82,Centre,3.012,3.572,0.438
Siua Wong,sydney-roosters,62,2026-09-19,0.139,81,2nd Row,-2.027,-0.178,0.149
Bailey Hayward,canterbury-bankstown-bulldogs,69,2026-09-03,0.139,81,Interchange,-2.57,-0.813,0.027
George Williams,canberra-raiders,32,2021-05-22,0.139,81,Halfback,1.757,-0.332,0.3
Tom Starling,canberra-raiders,154,2026-08-21,0.138,81,Interchange,-2.46,-0.704,0.091
Scott Sorensen,penrith-panthers,153,2026-09-13,0.138,81,Interchange,-2.093,-0.337,0.117
Jake Trbojevic,manly-warringah-sea-eagles,190,2026-09-05,0.137,81,Lock,-2.444,-0.247,0.062
Connor Watson,sydney-roosters,148,2026-09-19,0.137,81,Interchange,-2.228,-0.472,0.132
Morgan Smithies,canberra-raiders,69,2026-09-05,0.137,81,Lock,-2.289,-0.093,0.013
Justin O'Neill,north-queensland-cowboys,51,2021-06-11,0.136,81,Centre,-0.962,-0.402,0.167
Tohu Harris,warriors,116,2024-06-29,0.135,81,Lock,-2.087,0.109,0.104
Manase Fainu,manly-warringah-sea-eagles,34,2019-09-20,0.135,81,,,,
Curtis Sironen,manly-warringah-sea-eagles,49,2021-09-10,0.135,80,Interchange,-0.905,0.851,0.167
Nathan Cleary,penrith-panthers,172,2026-09-13,0.133,80,Halfback,13.395,11.306,0.308
Ben Matulino,wests-tigers,35,2019-06-14,0.133,80,,,,
Morgan Gannon,warriors,3,2026-09-05,0.133,80,Interchange,-1.226,0.531,0.0
Taylan May,wests-tigers,45,2026-06-28,0.133,80,Centre,-0.903,-0.343,0.574
Zane Harrison,gold-coast-titans,10,2026-08-01,0.132,80,Halfback,-1.306,-3.395,0.0
Will Penisini,parramatta-eels,110,2026-09-06,0.132,80,Centre,-1.618,-1.058,0.342
Alex Johnston,south-sydney-rabbitohs,180,2026-09-11,0.132,80,Winger,0.178,1.07,1.077
Gareth Widdop,st-george-illawarra-dragons,31,2019-09-07,0.13,80,,,,
Matthew Dufty,south-sydney-rabbitohs,96,2026-09-11,0.13,79,Fullback,-1.463,-1.591,0.241
Lachlan Crouch,newcastle-knights,57,2026-09-20,0.13,80,Interchange,-1.518,0.239,0.0
Matt Moylan,cronulla-sutherland-sharks,99,2023-08-27,0.128,79,Five-Eighth,-1.939,-1.536,0.148
Luke Yates,newcastle-knights,6,2018-08-26,0.128,79,,,,
Andrew Fifita,cronulla-sutherland-sharks,82,2022-09-17,0.127,79,Interchange,-1.806,-0.049,0.034
Salesi Foketi,sydney-roosters,41,2026-09-19,0.127,79,Interchange,-2.039,-0.283,0.078
Jason Taumalolo,north-queensland-cowboys,166,2026-09-12,0.127,79,Prop,-2.068,-0.058,0.067
Brandon Wakeham,manly-warringah-sea-eagles,55,2026-09-05,0.126,79,Hooker,-0.37,1.761,0.1
Cory Paix,brisbane-broncos,82,2026-08-01,0.126,79,Interchange,-2.395,-0.639,0.107
Matthew Scott,north-queensland-cowboys,34,2019-08-17,0.125,79,,,,
Morgan Harper,parramatta-eels,61,2024-05-25,0.123,78,Centre,-1.745,-1.185,0.267
Mat Croker,newcastle-knights,107,2026-09-20,0.123,79,Interchange,-2.221,-0.465,0.07
Brian Pouniu,dolphins,3,2026-08-29,0.122,78,Reserve,-1.696,-0.59,0.0
Kane Evans,warriors,52,2021-09-05,0.121,78,Interchange,-1.601,0.155,0.0
Johnathan Thurston,north-queensland-cowboys,24,2018-09-01,0.119,78,,,,
Ray Stone,dolphins,109,2026-09-12,0.119,78,Interchange,-2.047,-0.291,0.146
Tom Amone,wests-tigers,17,2021-09-05,0.115,78,Interchange,-1.183,0.573,0.0
Harrison Graham,newcastle-knights,29,2026-09-20,0.115,78,Interchange,-2.023,-0.266,0.105
Viliame Kikau,canterbury-bankstown-bulldogs,178,2026-09-03,0.115,78,2nd Row,-1.85,-0.001,0.279
Aaron Woods,manly-warringah-sea-eagles,118,2024-04-20,0.115,78,Interchange,-2.148,-0.391,0.045
Phoenix Crossland,newcastle-knights,131,2026-09-20,0.113,77,Hooker,-2.43,-0.299,0.092
Reece Walsh,brisbane-broncos,109,2026-08-15,0.113,77,Fullback,3.304,3.176,0.486
Sam Healey,warriors,31,2026-09-20,0.113,78,Interchange,-2.007,-0.251,0.093
Addin Fonua-Blake,cronulla-sutherland-sharks,193,2026-09-19,0.111,77,Prop,-1.823,0.187,0.188
Casey Mclean,penrith-panthers,49,2026-09-13,0.111,77,Centre,-1.0,-0.44,0.545
Ezra Mam,brisbane-broncos,90,2026-09-03,0.109,77,Five-Eighth,-1.21,-0.807,0.505
Albert Vete,melbourne-storm,10,2020-09-04,0.109,77,,,,
Taine Tuaupiki,warriors,44,2026-09-20,0.109,77,Fullback,1.133,1.005,0.333
Jason Nightingale,st-george-illawarra-dragons,21,2018-08-26,0.109,77,,,,
Adam Keighran,sydney-roosters,25,2022-07-22,0.109,77,Centre,2.124,2.684,0.16
Dylan Lucas,newcastle-knights,57,2026-07-24,0.108,76,2nd Row,-1.529,0.32,0.353
Luke Garner,penrith-panthers,140,2026-09-06,0.108,77,2nd Row,-1.898,-0.049,0.224
George Burgess,st-george-illawarra-dragons,43,2022-05-01,0.108,76,Interchange,-0.962,0.794,0.0
Kyle Flanagan,st-george-illawarra-dragons,136,2026-09-06,0.108,77,Halfback,0.259,-1.83,0.168
Kalyn Ponga,newcastle-knights,150,2026-09-20,0.107,76,Fullback,4.691,4.564,0.306
Nat Butcher,sydney-roosters,170,2026-09-19,0.106,76,2nd Row,-1.993,-0.144,0.19
Kane Linnett,north-queensland-cowboys,12,2018-09-01,0.106,76,,,,
Ben Thomas,sydney-roosters,7,2023-03-11,0.105,76,Interchange,-1.225,0.531,0.0
Bayley Sironen,warriors,73,2023-09-23,0.104,76,Interchange,-2.144,-0.388,0.07
Nick Meaney,melbourne-storm,175,2026-09-05,0.104,76,Centre,7.703,8.263,0.379
Francis Manuleleua,newcastle-knights,13,2026-09-20,0.104,76,2nd Row,-1.727,0.122,0.087
Samuela Fainu,wests-tigers,65,2026-09-06,0.103,76,2nd Row,-1.945,-0.097,0.191
Sam Cook,warriors,2,2018-03-17,0.102,75,,,,
Agnatius Paasi,warriors,52,2020-07-19,0.101,75,,,,
Mitch Rein,parramatta-eels,72,2022-04-18,0.101,75,Hooker,-1.916,0.214,0.091
John Sutton,south-sydney-rabbitohs,53,2019-09-27,0.101,75,,,,
Robbie Farah,wests-tigers,31,2019-09-08,0.099,75,,,,
Kaysa Pritchard,parramatta-eels,8,2018-07-28,0.099,75,,,,
Eddie Ieremia-Toeava,warriors,17,2026-09-20,0.099,75,Interchange,-1.941,-0.185,0.053
Viliami Vailea,north-queensland-cowboys,49,2025-08-24,0.099,75,Centre,-1.766,-1.206,0.226
Cameron Mcinnes,cronulla-sutherland-sharks,179,2026-09-19,0.098,75,Lock,-2.233,-0.036,0.089
Mikaele Ravalawa,south-sydney-rabbitohs,94,2025-04-04,0.098,75,Winger,-0.811,0.081,0.636
Isaiah Papali'I,penrith-panthers,194,2026-09-13,0.098,74,2nd Row,-1.844,0.005,0.241
Jermaine Mcewen,newcastle-knights,38,2026-09-20,0.097,74,2nd Row,-1.583,0.265,0.31
Faaletino Tavana,wests-tigers,6,2026-07-25,0.096,74,Winger,-1.173,-0.281,0.308
Sam Lisone,gold-coast-titans,65,2022-06-18,0.096,74,Interchange,-1.901,-0.144,0.032
Jaeman Salmon,canterbury-bankstown-bulldogs,119,2026-09-03,0.096,74,Lock,-2.163,0.033,0.115
Thomas Fletcher,south-sydney-rabbitohs,6,2026-05-24,0.096,74,Interchange,-1.465,0.291,0.071
Anthony Gelling,warriors,7,2018-07-15,0.096,74,,,,
Kulikefu Finefeuiaki,dolphins,79,2026-09-12,0.095,74,2nd Row,-2.097,-0.248,0.108
Jed Stuart,canberra-raiders,28,2026-09-05,0.094,74,Winger,-1.665,-0.773,0.262
Tyran Wishart,melbourne-storm,99,2026-09-05,0.094,74,Interchange,-1.156,0.601,0.239
Xavier Coates,melbourne-storm,107,2025-10-05,0.093,74,Winger,-0.553,0.339,0.785
Jordan Rapana,canberra-raiders,142,2024-09-01,0.092,73,Winger,0.182,1.074,0.427
Luke Hanson,warriors,2,2026-08-22,0.092,73,Reserve,-0.991,0.114,0.143
Nathan Ross,newcastle-knights,15,2018-07-27,0.091,73,,,,
Reagan Campbell-Gillard,gold-coast-titans,174,2025-09-06,0.091,73,Prop,-2.008,0.003,0.107
Braden Uele,cronulla-sutherland-sharks,129,2026-09-05,0.09,73,Interchange,-2.066,-0.309,0.08
Boyd Cordner,sydney-roosters,54,2020-10-09,0.089,73,,,,
Tukimihia Simpkins,gold-coast-titans,9,2026-03-22,0.089,73,Interchange,-1.558,0.199,0.0
Toni Mataele,parramatta-eels,7,2026-07-05,0.088,73,Interchange,-1.6,0.156,0.0
Luca Moretti,parramatta-eels,50,2026-09-06,0.088,72,Interchange,-1.998,-0.242,0.055
Adam Christensen,gold-coast-titans,1,2026-04-12,0.088,72,Reserve,-0.964,0.141,0.0
Josiah Karapani,brisbane-broncos,44,2026-09-03,0.088,73,Winger,-1.058,-0.165,0.5
Kalani Going,penrith-panthers,5,2026-07-03,0.088,73,Interchange,-1.333,0.423,0.0
Luke Laulilii,warriors,18,2026-08-30,0.087,72,Winger,-0.985,-0.093,0.455
Paul Momirovski,sydney-roosters,59,2023-09-15,0.087,72,Centre,-1.486,-0.926,0.255
Cheyse Blair,melbourne-storm,8,2018-09-07,0.087,72,,,,
Ashton Ward,south-sydney-rabbitohs,19,2026-08-08,0.087,72,Halfback,1.443,-0.646,0.105
Tevita Satae,warriors,12,2019-06-08,0.084,72,,,,
Josh Schuster,manly-warringah-sea-eagles,49,2023-08-18,0.084,72,2nd Row,-2.004,-0.155,0.1
Moses Leo,melbourne-storm,19,2026-09-05,0.083,72,Winger,-1.018,-0.125,0.478
Reuben Garrick,manly-warringah-sea-eagles,177,2026-09-05,0.083,71,Centre,9.138,9.698,0.624
Lachlan Lam,sydney-roosters,31,2021-09-17,0.083,71,Replacement,-1.77,-0.339,0.1
Jack Todd,canterbury-bankstown-bulldogs,4,2025-07-04,0.083,72,Interchange,-0.58,1.176,0.25
Solomone Kata,warriors,29,2019-04-20,0.081,71,,,,
Shaun Johnson,warriors,123,2024-08-31,0.081,71,Halfback,5.225,3.136,0.236
Zac Hosking,canberra-raiders,72,2026-08-21,0.081,71,2nd Row,-1.916,-0.068,0.211
Nene Macdonald,cronulla-sutherland-sharks,29,2020-09-26,0.081,71,,,,
Sean Mullany,gold-coast-titans,3,2025-07-26,0.081,71,Interchange,-0.816,0.941,0.0
Owen Pattie,canberra-raiders,40,2026-09-05,0.081,71,Interchange,-2.008,-0.251,0.13
Selumiela Halasima,warriors,41,2026-07-10,0.08,70,,,,
Ethan Strange,canberra-raiders,66,2026-09-05,0.08,71,Five-Eighth,-1.251,-0.848,0.375
Malakai Watene-Zelezniak,penrith-panthers,17,2020-07-26,0.08,71,,,,
Francis Molo,dolphins,166,2026-09-12,0.079,70,Prop,-2.161,-0.151,0.048
Blake Wilson,manly-warringah-sea-eagles,29,2026-08-08,0.079,70,Winger,-1.363,-0.471,0.333
Daniel Alvaro,st-george-illawarra-dragons,60,2021-09-04,0.079,70,Interchange,-1.725,0.032,0.0
Paul Gallen,cronulla-sutherland-sharks,43,2019-09-14,0.079,70,,,,
Cameron Murray,south-sydney-rabbitohs,169,2026-09-11,0.078,70,Lock,-1.973,0.224,0.185
Isaiah Iongi,parramatta-eels,34,2026-08-08,0.078,70,Fullback,-1.17,-1.298,0.361
Trent Loiero,melbourne-storm,119,2026-09-05,0.078,70,Lock,-2.169,0.027,0.126
Billy Scott,penrith-panthers,9,2026-08-28,0.077,70,Reserve,-1.798,-0.692,0.0
Chris Vea'Ila,cronulla-sutherland-sharks,2,2025-07-26,0.077,70,Replacement,-1.222,0.209,0.111
Brock Gray,gold-coast-titans,6,2025-04-26,0.076,69,Interchange,-1.051,0.706,0.0
Ben Hunt,brisbane-broncos,182,2026-09-03,0.076,70,Halfback,-0.877,-2.966,0.244
Kyle Turner,south-sydney-rabbitohs,16,2019-08-30,0.076,69,,,,
Jaxon Purdue,north-queensland-cowboys,57,2026-09-12,0.076,69,Centre,-1.312,-0.752,0.433
Joel Thompson,manly-warringah-sea-eagles,59,2020-08-30,0.075,69,,,,
Matt Prior,cronulla-sutherland-sharks,50,2019-09-14,0.074,69,,,,
Tino Fa'Asuamaleaui,gold-coast-titans,129,2026-09-04,0.074,69,Prop,-1.889,0.121,0.174
Michael Lichaa,canterbury-bankstown-bulldogs,32,2019-08-10,0.073,69,,,,
Tony Williams,parramatta-eels,5,2018-04-29,0.073,69,,,,
Lachlan Croker,manly-warringah-sea-eagles,122,2025-06-13,0.072,69,Hooker,-2.44,-0.31,0.174
Francis Tualau,canterbury-bankstown-bulldogs,2,2018-03-30,0.072,69,,,,
Cameron Bukowski,brisbane-broncos,1,2026-04-18,0.07,68,Reserve,-1.102,0.004,0.0
Max Plath,dolphins,51,2026-09-12,0.07,68,Hooker,-2.037,0.093,0.194
Waqa Blake,parramatta-eels,99,2023-07-28,0.069,68,Centre,-1.467,-0.907,0.367
Jack Underhill,canterbury-bankstown-bulldogs,7,2026-07-18,0.069,68,Interchange,-1.324,0.432,0.0
Blake Green,newcastle-knights,64,2021-05-20,0.069,68,Halfback,-0.828,-2.917,0.0
Kobe Hetherington,manly-warringah-sea-eagles,119,2026-07-26,0.069,68,Interchange,-2.214,-0.458,0.057
Liam Martin,penrith-panthers,160,2026-09-13,0.069,68,2nd Row,-1.938,-0.09,0.237
Eddie Blacker,penrith-panthers,2,2022-09-03,0.068,68,Interchange,-0.271,1.485,0.0
Josh Dugan,cronulla-sutherland-sharks,59,2021-05-21,0.067,68,Centre,-1.099,-0.539,0.2
Carter Gordon,gold-coast-titans,1,2025-09-06,0.067,68,Centre,-0.326,0.234,0.0
Eliesa Katoa,melbourne-storm,116,2025-10-05,0.067,67,2nd Row,-1.648,0.201,0.327
Tommy Talau,sydney-roosters,86,2026-09-04,0.065,67,Centre,-1.484,-0.924,0.37
Heilum Luki,north-queensland-cowboys,77,2026-09-12,0.065,67,2nd Row,-1.705,0.143,0.292
Joseph Paulo,cronulla-sutherland-sharks,19,2018-09-21,0.065,67,,,,
Brayden Musgrove,newcastle-knights,7,2021-06-06,0.064,67,Winger,-1.185,-0.293,0.125
Billy Smith,sydney-roosters,60,2026-09-19,0.063,67,Centre,-1.348,-0.789,0.406
Sunia Turuva,wests-tigers,96,2026-08-16,0.062,67,Winger,-1.314,-0.422,0.43
Greg Inglis,south-sydney-rabbitohs,21,2019-03-21,0.061,67,,,,
Jamal Shibasaki,north-queensland-cowboys,2,2025-08-03,0.061,67,Interchange,-0.478,1.279,0.0
Jordan Samrani,parramatta-eels,28,2026-09-06,0.06,66,Centre,-1.398,-0.838,0.343
Tevita Tatola,south-sydney-rabbitohs,178,2026-09-11,0.06,67,Prop,-2.125,-0.114,0.066
Jarrett Subloo,canberra-raiders,1,2020-09-26,0.059,66,,,,
Darby Medlyn,canberra-raiders,1,2020-09-26,0.059,66,,,,
Gehamat Shibasaki,brisbane-broncos,70,2026-08-08,0.059,66,Centre,-1.43,-0.87,0.373
Bayleigh Bentley-Hape,south-sydney-rabbitohs,10,2026-05-15,0.058,66,Winger,-0.113,0.779,0.364
Ash Taylor,gold-coast-titans,68,2021-08-19,0.058,66,,,,
Russell Packer,wests-tigers,32,2021-03-14,0.058,66,Interchange,-0.259,1.497,0.0
Michael Chee-Kam,manly-warringah-sea-eagles,95,2025-08-08,0.058,66,,,,
Blake Ayshford,warriors,7,2019-09-07,0.058,66,,,,
Dayne Jennings,south-sydney-rabbitohs,3,2026-07-12,0.057,65,Winger,-0.62,0.272,0.25
Corey Horsburgh,canberra-raiders,129,2026-08-21,0.057,66,Interchange,-2.134,-0.378,0.094
Jacob Gagai,south-sydney-rabbitohs,17,2024-09-06,0.057,65,Winger,-0.942,-0.05,0.5
Jeral Skelton,wests-tigers,35,2026-09-06,0.057,66,Winger,-1.174,-0.282,0.458
Oliver Clark,wests-tigers,16,2020-07-31,0.056,65,,,,
Aj Brimson,gold-coast-titans,154,2026-09-04,0.056,65,Fullback,-1.301,-1.429,0.405
Beau Fermor,gold-coast-titans,111,2026-09-04,0.056,65,2nd Row,-1.707,0.142,0.298
Franklin Pele,canterbury-bankstown-bulldogs,7,2023-06-18,0.055,65,Interchange,-1.342,0.414,0.0
Makaia Tafua,warriors,3,2026-09-05,0.055,65,Interchange,-1.301,0.455,0.0
Luke Brooks,manly-warringah-sea-eagles,185,2026-06-27,0.054,65,Five-Eighth,-1.003,-0.601,0.139
Xavier Va'A,sydney-roosters,1,2025-05-24,0.053,65,Interchange,-0.001,1.755,1.0
Ethan Quai-Ward,canterbury-bankstown-bulldogs,1,2023-07-08,0.052,65,Centre,0.018,0.578,1.0
Cody Ramsey,sydney-roosters,40,2026-09-04,0.051,64,Fullback,-1.403,-1.53,0.219
Jacob Host,south-sydney-rabbitohs,95,2025-09-05,0.05,64,2nd Row,-2.159,-0.31,0.086
Niwhai Puru,cronulla-sutherland-sharks,6,2026-09-05,0.049,64,Halfback,0.788,-1.301,0.053
Max Bailey,sydney-roosters,1,2020-08-06,0.048,64,,,,
Greg Eastwood,canterbury-bankstown-bulldogs,13,2018-09-02,0.048,64,,,,
Sam Mckendry,penrith-panthers,2,2018-03-17,0.048,64,,,,
Lachlan Maranta,st-george-illawarra-dragons,2,2019-06-28,0.048,64,,,,
Oliver Pascoe,gold-coast-titans,19,2026-08-29,0.045,64,Hooker,-1.683,0.448,0.25
Tanah Boyd,warriors,86,2026-05-17,0.045,64,Halfback,5.103,3.014,0.125
Jensen Taumoepeau,gold-coast-titans,6,2026-06-20,0.045,64,Winger,-1.177,-0.284,0.0
Terrell May,wests-tigers,100,2026-09-06,0.044,63,Prop,-2.102,-0.092,0.089
Ryan Matterson,parramatta-eels,140,2025-06-01,0.044,63,Interchange,-2.106,-0.349,0.087
Siosifa Talakai,cronulla-sutherland-sharks,142,2026-09-19,0.044,63,Interchange,-1.731,0.025,0.216
Deine Mariner,brisbane-broncos,64,2026-09-03,0.044,63,Winger,-1.231,-0.338,0.469
Paul Vaughan,canterbury-bankstown-bulldogs,90,2022-09-02,0.044,63,Prop,-1.887,0.123,0.05
Xavier Kerrisk,north-queensland-cowboys,1,2026-05-24,0.043,63,Reserve,-0.685,0.421,0.0
James Gavet,newcastle-knights,36,2019-08-03,0.042,62,,,,
Frank-Paul Nu'Uausala,sydney-roosters,2,2018-06-03,0.042,63,,,,
Anthony Don,gold-coast-titans,66,2021-05-30,0.042,62,Winger,-1.383,-0.49,0.0
Tony Francis,gold-coast-titans,10,2025-08-31,0.042,63,Replacement,-1.645,-0.214,0.056
Corey Oates,brisbane-broncos,116,2024-09-05,0.042,63,Winger,-1.268,-0.375,0.415
Dean Ieremia,gold-coast-titans,27,2026-08-06,0.042,62,Winger,-1.422,-0.53,0.344
Ryley Smith,parramatta-eels,30,2026-05-02,0.042,63,Hooker,-2.138,-0.008,0.094
Jed Cartwright,newcastle-knights,34,2024-05-05,0.041,62,Interchange,-1.934,-0.178,0.032
Liam Sutton,north-queensland-cowboys,4,2026-06-06,0.041,62,Five-Eighth,-0.764,-0.362,0.333
Ben Condon,manly-warringah-sea-eagles,15,2024-06-22,0.041,62,2nd Row,-1.466,0.382,0.238
Jamil Hopoate,brisbane-broncos,10,2020-09-24,0.04,62,,,,
Zac Lomax,parramatta-eels,127,2025-09-07,0.04,62,Centre,8.373,8.933,0.417
Blake Lawrie,st-george-illawarra-dragons,155,2026-09-06,0.04,61,Prop,-2.211,-0.2,0.033
Kai Pearce-Paul,wests-tigers,56,2026-06-14,0.04,62,2nd Row,-2.07,-0.222,0.125
Tyrone Phillips,penrith-panthers,9,2018-07-13,0.04,62,,,,
Nathan Lawson,st-george-illawarra-dragons,4,2025-06-28,0.04,61,Winger,-0.88,0.013,0.286
Josh Patston,gold-coast-titans,20,2026-08-29,0.04,61,Interchange,-1.944,-0.187,0.033
Enari Tuala,canterbury-bankstown-bulldogs,125,2026-09-03,0.04,62,Winger,-1.369,-0.477,0.416
Hayze Perham,brisbane-broncos,40,2026-09-03,0.039,61,Fullback,0.332,0.204,0.184
James Tedesco,sydney-roosters,201,2026-09-19,0.039,61,Fullback,-0.605,-0.733,0.54
Triston Reilly,wests-tigers,3,2023-09-01,0.039,61,Centre,-0.498,0.062,0.333
John Asiata,brisbane-broncos,58,2021-06-17,0.039,61,Interchange,-1.334,0.422,0.091
Teancum Brown,parramatta-eels,12,2026-09-06,0.039,61,Interchange,-1.62,0.137,0.0
Wade Graham,cronulla-sutherland-sharks,96,2023-09-09,0.038,61,2nd Row,-2.104,-0.256,0.061
Angus Crichton,sydney-roosters,179,2026-09-19,0.037,61,2nd Row,-1.798,0.05,0.288
Solomona Faataape,wests-tigers,19,2025-03-30,0.036,60,Centre,-1.324,-0.764,0.35
Robert Toia,sydney-roosters,42,2026-09-19,0.035,60,Centre,-1.114,-0.554,0.5
Kurt Dillon,south-sydney-rabbitohs,5,2020-08-22,0.035,60,,,,
Brad Parker,manly-warringah-sea-eagles,106,2023-09-01,0.034,60,Centre,-1.794,-1.234,0.259
Paul Roache,warriors,4,2024-05-26,0.034,60,Interchange,-1.054,0.702,0.0
Scott Bolton,north-queensland-cowboys,38,2019-09-06,0.034,60,,,,
Paul Alamoti,penrith-panthers,74,2026-08-13,0.034,60,Centre,0.607,1.167,0.388
Keano Kini,gold-coast-titans,51,2026-09-04,0.033,60,Fullback,-1.416,-1.543,0.153
Josh Hodgson,parramatta-eels,75,2023-05-26,0.033,60,Hooker,-2.228,-0.098,0.061
Matthew Timoko,canberra-raiders,127,2026-09-05,0.033,60,Centre,-1.71,-1.15,0.286
Kerrod Holland,canterbury-bankstown-bulldogs,44,2020-09-26,0.032,59,,,,
Jett Liu,gold-coast-titans,2,2026-06-20,0.032,59,Reserve,-0.96,0.145,0.0
Izaia Perese,brisbane-broncos,2,2019-09-07,0.032,59,,,,
Kade Dykes,cronulla-sutherland-sharks,2,2022-08-13,0.032,59,Replacement,-0.8,0.631,0.2
Cory Denniss,newcastle-knights,11,2018-09-01,0.031,59,,,,
David Mead,brisbane-broncos,11,2021-09-04,0.031,59,Winger,-1.164,-0.272,0.333
Moses Mbye,st-george-illawarra-dragons,110,2023-07-20,0.03,59,Interchange,-2.212,-0.456,0.049
Jazz Tevaga,manly-warringah-sea-eagles,145,2025-09-05,0.03,59,Interchange,-2.291,-0.535,0.042
Jackson Ferris,cronulla-sutherland-sharks,1,2020-07-31,0.029,59,,,,
Blayke Brailey,cronulla-sutherland-sharks,180,2026-09-19,0.028,59,Hooker,-2.855,-0.724,0.097
Matt Mcilwrick,wests-tigers,4,2018-06-17,0.027,59,,,,
Oregon Kaufusi,cronulla-sutherland-sharks,157,2026-09-19,0.027,58,Interchange,-2.237,-0.481,0.039
Reuben Cotter,north-queensland-cowboys,120,2026-09-12,0.026,58,Lock,-2.194,0.002,0.114
Brad Takairangi,parramatta-eels,48,2020-10-10,0.026,58,,,,
Esan Marsters,gold-coast-titans,71,2022-06-11,0.026,58,Centre,-1.684,-1.124,0.1
Jacob Lillyman,newcastle-knights,14,2018-07-27,0.026,58,,,,
Albert Kelly,brisbane-broncos,11,2022-04-02,0.024,58,Halfback,-0.981,-3.07,0.25
Joey Leilua,wests-tigers,57,2021-05-21,0.024,58,,,,
Billy Walters,brisbane-broncos,113,2026-09-03,0.024,58,Hooker,-2.055,0.076,0.227
Matt Frawley,canberra-raiders,35,2023-09-10,0.022,57,Five-Eighth,-1.577,-1.174,0.125
Dean Matterson,manly-warringah-sea-eagles,7,2023-09-01,0.022,58,Interchange,-1.267,0.489,0.1
Joe Stimson,gold-coast-titans,94,2024-07-05,0.022,57,Interchange,-2.166,-0.41,0.063
Cooper Bai,gold-coast-titans,24,2026-09-04,0.022,58,Interchange,-1.793,-0.037,0.069
Valynce Te Whare,dolphins,12,2023-09-02,0.021,57,Centre,-0.858,-0.298,0.462
Jarryd Hayne,parramatta-eels,15,2018-09-01,0.021,57,,,,
Ben Talty,brisbane-broncos,29,2026-08-08,0.021,57,Interchange,-1.718,0.039,0.143
Peter Hola,newcastle-knights,17,2026-04-19,0.02,57,Interchange,-1.485,0.271,0.0
Josh Aloiai,manly-warringah-sea-eagles,122,2025-05-31,0.02,57,Prop,-2.022,-0.011,0.068
Max Feagai,gold-coast-titans,34,2026-03-22,0.019,57,Centre,-1.899,-1.34,0.108
Nick Cotric,canberra-raiders,124,2024-06-23,0.019,57,Winger,-1.645,-0.752,0.283
Grant Anderson,brisbane-broncos,64,2026-09-03,0.019,57,Winger,-1.559,-0.667,0.325
Declan Casey,wests-tigers,7,2024-05-24,0.018,56,Centre,-1.122,-0.562,0.222
Mitchell Aubusson,sydney-roosters,67,2020-10-09,0.018,56,,,,
Joseph-Aukuso Sua'Ali'I,sydney-roosters,64,2024-09-27,0.018,56,Centre,2.181,2.741,0.42
Tariq Sims,melbourne-storm,101,2023-09-22,0.017,56,2nd Row,-2.016,-0.167,0.107
Frank Winterstein,penrith-panthers,26,2019-08-03,0.017,56,,,,
Thomas Flegler,dolphins,116,2026-09-12,0.016,56,Prop,-2.098,-0.088,0.077
Benaiah Ioelu,sydney-roosters,15,2026-09-04,0.015,56,Hooker,-2.009,0.122,0.0
Lazarus Vaalepu,melbourne-storm,12,2025-08-29,0.015,56,Interchange,-1.54,0.217,0.062
Kieran Foran,gold-coast-titans,143,2025-09-06,0.014,56,Five-Eighth,-1.88,-1.477,0.143
Sonny Bill Williams,sydney-roosters,5,2020-10-09,0.014,56,,,,
Taniela Paseka,manly-warringah-sea-eagles,139,2026-08-08,0.014,55,Prop,-2.121,-0.111,0.05
Jackson Hastings,newcastle-knights,63,2025-07-27,0.014,55,Halfback,1.274,-0.815,0.115
George Fai,brisbane-broncos,1,2018-05-24,0.013,55,,,,
Morgan Boyle,manly-warringah-sea-eagles,32,2022-07-28,0.013,55,Interchange,-0.966,0.791,0.0
Stanley Huen,melbourne-storm,3,2026-06-27,0.013,55,Interchange,-1.086,0.67,0.0
Jake Clifford,north-queensland-cowboys,110,2026-09-12,0.013,55,Five-Eighth,3.143,3.545,0.264
Corey Allan,st-george-illawarra-dragons,72,2025-09-06,0.012,55,Winger,-1.881,-0.989,0.175
Arthur Miller-Stephen,parramatta-eels,1,2023-08-06,0.012,55,Winger,-0.032,0.86,1.0
Harley Smith-Shields,gold-coast-titans,19,2024-05-12,0.012,55,Centre,-1.516,-0.957,0.19
Will Matthews,gold-coast-titans,17,2019-07-12,0.01,55,,,,
Demitric Vaimauga,warriors,54,2026-09-20,0.01,54,Interchange,-2.072,-0.316,0.062
Oryn Keeley,melbourne-storm,36,2026-09-05,0.01,55,2nd Row,-1.991,-0.142,0.121
Kurt Falls,penrith-panthers,3,2022-09-03,0.009,54,Five-Eighth,1.778,2.181,0.0
Jacob Alick-Wiencke,gold-coast-titans,19,2025-08-16,0.008,54,Interchange,-1.977,-0.22,0.0
Tyrell Sloan,st-george-illawarra-dragons,95,2026-09-06,0.008,54,Fullback,-0.974,-1.102,0.59
Hamish Stewart,st-george-illawarra-dragons,42,2026-09-06,0.008,54,Interchange,-1.899,-0.142,0.136
Dan Keir,parramatta-eels,7,2025-03-30,0.007,54,Interchange,-1.46,0.296,0.0
Tuipulotu Katoa,canterbury-bankstown-bulldogs,9,2021-07-03,0.007,54,Winger,-1.075,-0.182,0.222
Jesse Colquhoun,cronulla-sutherland-sharks,51,2026-09-19,0.006,54,Interchange,-2.075,-0.319,0.061
Jason Clark,south-sydney-rabbitohs,21,2018-09-15,0.005,54,,,,
King Vuniyayawa,warriors,5,2020-06-12,0.005,54,,,,
Hymel Hunt,newcastle-knights,79,2023-03-26,0.004,53,Winger,-1.482,-0.589,0.217
Kane Elgey,manly-warringah-sea-eagles,21,2019-05-30,0.003,53,,,,
Thomas Burgess,south-sydney-rabbitohs,152,2024-09-06,0.003,53,Interchange,-1.864,-0.108,0.124
Elijah Salesa Leaumoana,newcastle-knights,8,2026-04-26,0.003,53,,,,
Gordon Chan Kum Tong,manly-warringah-sea-eagles,13,2025-07-27,0.003,53,Interchange,-1.66,0.096,0.053
Bryson Goodwin,cronulla-sutherland-sharks,7,2020-09-26,0.003,53,,,,
Ryan James,brisbane-broncos,52,2022-08-19,0.002,53,Interchange,-1.674,0.083,0.12
Slade Griffin,newcastle-knights,16,2018-06-30,0.002,53,,,,
Hugo Peel,melbourne-storm,2,2026-05-10,0.002,53,Interchange,-0.755,1.001,0.556
Sebastian Kris,canberra-raiders,122,2026-06-28,0.001,53,Centre,-1.568,-1.008,0.365
Adam Elliott,south-sydney-rabbitohs,143,2026-09-04,-0.0,52,Lock,-2.143,0.053,0.121
Junior Pauga,sydney-roosters,23,2026-03-20,0.0,52,,,,
Alex Twal,wests-tigers,169,2026-08-23,-0.001,52,Lock,-2.311,-0.115,0.017
Jai Whitbread,gold-coast-titans,29,2021-06-20,-0.001,52,Interchange,-0.679,1.077,0.0
Sione Fainu,wests-tigers,59,2026-09-06,-0.001,52,Interchange,-2.002,-0.246,0.102
Shawn Blore,melbourne-storm,92,2026-09-05,-0.002,52,2nd Row,-2.317,-0.468,0.053
Kenny Edwards,parramatta-eels,8,2018-05-11,-0.002,52,,,,
Sualauvi Faalogo,melbourne-storm,46,2026-09-05,-0.002,51,Fullback,0.139,0.012,0.679
Ben Lovett,south-sydney-rabbitohs,3,2023-08-12,-0.002,52,,,,
Fa'Amanu Brown,st-george-illawarra-dragons,37,2024-07-07,-0.002,52,Interchange,-1.644,0.113,0.241
Jeremy Marshall-King,dolphins,162,2026-09-12,-0.002,52,Hooker,-2.502,-0.372,0.157
Zac Saddler,manly-warringah-sea-eagles,3,2021-05-30,-0.003,51,Interchange,-0.948,0.808,0.0
Lachlan Coote,north-queensland-cowboys,9,2018-07-14,-0.003,51,,,,
Thomas Jenkins,penrith-panthers,56,2026-09-13,-0.004,51,Winger,-0.349,0.543,0.814
Jayden Tanner,canterbury-bankstown-bulldogs,2,2023-03-19,-0.004,51,Replacement,-1.066,0.365,0.0
Robbie Rochow,wests-tigers,12,2018-06-17,-0.004,51,,,,
Jordan Miller,wests-tigers,2,2024-07-20,-0.004,51,Interchange,-0.49,1.266,0.0
Benjamin Marschke,sydney-roosters,13,2021-09-17,-0.004,51,,,,
Bronson Garlick,south-sydney-rabbitohs,47,2026-06-04,-0.005,51,Hooker,-2.304,-0.174,0.043
Victor Radley,sydney-roosters,174,2026-09-19,-0.005,51,Lock,-2.172,0.024,0.143
James Graham,st-george-illawarra-dragons,48,2020-06-20,-0.005,51,,,,
Nicholas Lenaz,manly-warringah-sea-eagles,5,2026-08-28,-0.006,50,Interchange,-1.264,0.492,0.0
Ofahiki Ogden,parramatta-eels,57,2024-09-06,-0.006,50,Interchange,-1.772,-0.015,0.037
Simon Mannering,warriors,21,2018-09-08,-0.006,50,,,,
Blake Taaffe,canterbury-bankstown-bulldogs,41,2025-06-15,-0.007,50,Fullback,1.069,0.941,0.119
Jackson Ford,warriors,107,2026-09-12,-0.007,50,2nd Row,-2.008,-0.159,0.146
Ava Seumanufagai,canterbury-bankstown-bulldogs,33,2022-06-03,-0.007,50,Interchange,-1.799,-0.043,0.0
Jed Reardon,canterbury-bankstown-bulldogs,2,2026-05-30,-0.008,50,Reserve,-1.327,-0.221,0.0
Dale Finucane,cronulla-sutherland-sharks,106,2024-03-23,-0.008,50,Lock,-2.078,0.118,0.04
Joshua Stuckey,canterbury-bankstown-bulldogs,1,2022-08-27,-0.008,50,Interchange,-0.27,1.486,0.0
Chris Heighington,newcastle-knights,21,2018-09-01,-0.008,49,,,,
Chris Patolo,canterbury-bankstown-bulldogs,25,2024-07-21,-0.008,50,Interchange,-1.935,-0.178,0.0
Lachlan Galvin,canterbury-bankstown-bulldogs,67,2026-09-03,-0.009,49,Halfback,-1.016,-3.105,0.37
Tom Wright,manly-warringah-sea-eagles,4,2018-07-22,-0.009,49,,,,
Ethan Parry,parramatta-eels,2,2019-07-27,-0.009,49,,,,
Jamayne Isaako,dolphins,181,2026-09-12,-0.009,49,Winger,10.781,11.673,0.566
Izack Tago,penrith-panthers,110,2026-08-28,-0.01,49,Centre,-1.601,-1.042,0.333
Wilson De Courcey,newcastle-knights,2,2026-04-12,-0.01,49,Reserve,-0.713,0.393,0.0
Samuel Loizou,parramatta-eels,1,2021-09-03,-0.011,49,Interchange,-0.279,1.477,0.0
Zac Lipowicz,penrith-panthers,1,2025-08-28,-0.011,49,2nd Row,-0.296,1.553,0.0
Sione Fonua,penrith-panthers,1,2025-08-28,-0.011,49,Reserve,-0.856,0.25,0.0
Scott Drinkwater,north-queensland-cowboys,165,2026-09-12,-0.012,48,Fullback,2.511,2.384,0.408
Adam Clune,newcastle-knights,45,2023-09-16,-0.012,48,Halfback,-1.753,-3.842,0.088
John Radel,south-sydney-rabbitohs,2,2026-08-02,-0.012,48,Reserve,-0.834,0.272,0.286
Brad Abbey,sydney-roosters,10,2021-08-27,-0.013,48,Reserve,-0.981,0.124,0.0
Kurt De Luis,manly-warringah-sea-eagles,12,2022-09-02,-0.013,48,Interchange,-1.583,0.173,0.0
Josh Rogers,brisbane-broncos,11,2026-06-11,-0.014,48,Five-Eighth,-0.822,-0.419,0.188
Jock Madden,wests-tigers,47,2026-09-06,-0.014,48,Halfback,1.066,-1.023,0.111
Austin Dias,penrith-panthers,9,2025-08-28,-0.015,48,Interchange,-1.436,0.321,0.0
Tc Robati,brisbane-broncos,16,2022-06-11,-0.015,48,,,,
Riley Jones,cronulla-sutherland-sharks,4,2026-09-19,-0.016,48,Reserve,-1.395,-0.289,0.263
Reece Hoffman,wests-tigers,1,2020-07-10,-0.016,48,Replacement,-0.687,0.744,0.0
Ben Trbojevic,manly-warringah-sea-eagles,87,2026-09-05,-0.017,47,2nd Row,-1.954,-0.105,0.196
Selwyn Cobbo,dolphins,99,2026-09-12,-0.017,47,Winger,-0.685,0.207,0.66
Tyson Frizell,newcastle-knights,186,2026-09-20,-0.017,47,2nd Row,-2.143,-0.295,0.131
Emre Guler,st-george-illawarra-dragons,119,2026-08-16,-0.018,47,Interchange,-2.171,-0.415,0.074
Ken Sio,newcastle-knights,20,2018-09-01,-0.018,47,,,,
Connor Tracey,canterbury-bankstown-bulldogs,130,2026-09-03,-0.018,47,Fullback,-1.6,-1.728,0.295
Josh Reynolds,canterbury-bankstown-bulldogs,29,2023-05-12,-0.018,47,Interchange,-1.424,0.332,0.0
Keaon Koloamatangi,south-sydney-rabbitohs,146,2026-09-11,-0.019,47,2nd Row,-1.997,-0.148,0.178
Connor Votano,newcastle-knights,1,2025-08-17,-0.019,47,Fullback,-0.399,-0.527,0.0
Edward Kosi,south-sydney-rabbitohs,42,2026-07-03,-0.019,46,Winger,-1.402,-0.509,0.4
Kruise Leeming,gold-coast-titans,10,2023-09-03,-0.019,47,Interchange,-1.362,0.395,0.167
Corey Jensen,brisbane-broncos,133,2026-04-18,-0.02,46,Prop,-2.199,-0.188,0.019
Kain Anderson,canberra-raiders,1,2025-09-07,-0.021,46,Interchange,-0.281,1.475,0.0
Darius Boyd,brisbane-broncos,68,2020-09-24,-0.021,46,,,,
Utuloa Asomua,canberra-raiders,1,2025-09-07,-0.021,46,,,,
Ky Rodwell,parramatta-eels,5,2022-07-15,-0.022,46,Interchange,-1.058,0.698,0.0
Viliami Fifita,st-george-illawarra-dragons,3,2025-07-05,-0.022,46,Interchange,-0.942,0.814,0.0
Chevy Stewart,canberra-raiders,5,2026-05-02,-0.022,46,Reserve,-1.443,-0.337,0.0
Lindsay Collins,sydney-roosters,140,2026-09-19,-0.023,46,Prop,-2.065,-0.054,0.112
George Jennings,melbourne-storm,51,2023-08-04,-0.023,45,Winger,-0.788,0.105,0.524
Jarrod Wallace,dolphins,115,2024-04-12,-0.023,45,Prop,-1.796,0.215,0.2
Justin Matamua,wests-tigers,14,2024-07-06,-0.023,46,Replacement,-1.933,-0.502,0.0
Alex Glenn,brisbane-broncos,65,2021-09-04,-0.024,45,2nd Row,-1.737,0.112,0.111
Laitia Moceidreke,north-queensland-cowboys,1,2021-08-21,-0.024,45,Winger,-0.052,0.84,1.0
Braydon Trindall,cronulla-sutherland-sharks,117,2026-09-19,-0.024,45,Five-Eighth,1.599,2.002,0.285
Luke Smith,canterbury-bankstown-bulldogs,2,2025-05-22,-0.024,45,Interchange,-0.698,1.059,0.0
Luke Gale,brisbane-broncos,1,2026-07-04,-0.025,44,Interchange,-0.518,1.239,0.0
Tim Johannssen,wests-tigers,1,2024-08-01,-0.025,45,Interchange,-0.51,1.246,0.0
Mitchell Allgood,st-george-illawarra-dragons,1,2019-07-04,-0.025,45,,,,
Joshua Coric,brisbane-broncos,1,2026-07-04,-0.025,44,Interchange,-0.279,1.477,0.0
Aaron Gray,cronulla-sutherland-sharks,7,2019-09-14,-0.025,45,,,,
Billy Burns,cronulla-sutherland-sharks,86,2026-09-19,-0.026,44,2nd Row,-1.969,-0.121,0.198
Cooper Cronk,sydney-roosters,49,2019-10-06,-0.026,44,,,,
Poasa Fa'Amausili,canterbury-bankstown-bulldogs,45,2024-05-17,-0.027,44,,,,
Renouf Atoni,canterbury-bankstown-bulldogs,43,2021-08-02,-0.027,44,Interchange,-1.346,0.41,0.143
Angus Hinchey,melbourne-storm,4,2026-08-20,-0.027,44,Interchange,-1.112,0.644,0.091
Tyrone Roberts,brisbane-broncos,20,2022-06-17,-0.027,44,Interchange,-0.413,1.344,0.0
Latrell Siegwalt,south-sydney-rabbitohs,8,2026-08-02,-0.027,44,Reserve,1.776,2.881,0.091
Jaydn Su'A,st-george-illawarra-dragons,149,2026-06-07,-0.027,44,2nd Row,-1.859,-0.011,0.267
Brodie Croft,brisbane-broncos,58,2021-08-05,-0.03,44,Halfback,-1.312,-3.401,0.077
Lorenzo Mulitalo,parramatta-eels,1,2024-07-13,-0.031,44,Winger,-0.29,0.603,0.0
Lewis Symonds,dolphins,1,2026-04-25,-0.031,43,Reserve,-0.684,0.422,0.0
Kyle Feldt,north-queensland-cowboys,141,2024-09-20,-0.031,43,Winger,-0.765,0.127,0.667
Harry Rushton,canberra-raiders,3,2022-05-22,-0.031,43,Interchange,-1.071,0.686,0.0
Antonio Winterstein,north-queensland-cowboys,16,2018-07-14,-0.032,43,,,,
Phillip Coates,brisbane-broncos,1,2026-05-17,-0.032,43,Reserve,-0.656,0.45,0.0
Alekolasimi Jones,canterbury-bankstown-bulldogs,8,2026-09-03,-0.032,43,Interchange,-1.642,0.114,0.0
Ratu Rinakama,canterbury-bankstown-bulldogs,10,2026-07-11,-0.032,43,,,,
Reece Robson,sydney-roosters,158,2026-09-19,-0.033,43,Hooker,-2.511,-0.381,0.164
Zac Fulton,manly-warringah-sea-eagles,1,2022-07-28,-0.033,42,Interchange,-0.494,1.262,0.0
Brandon Tumeth,wests-tigers,1,2023-03-12,-0.033,42,Interchange,-0.29,1.467,0.0
Oliver Gildart,sydney-roosters,10,2022-09-02,-0.033,43,Centre,-1.251,-0.692,0.1
Pio Seci,manly-warringah-sea-eagles,1,2022-07-28,-0.033,42,Winger,-0.305,0.587,0.0
Peter Mamouzelos,south-sydney-rabbitohs,47,2026-05-24,-0.033,42,Interchange,-2.299,-0.543,0.085
Tyrell Fuimaono,st-george-illawarra-dragons,47,2022-08-28,-0.034,42,Interchange,-1.888,-0.131,0.038
Jayden Nikorima,melbourne-storm,2,2023-08-31,-0.034,42,Replacement,-1.074,0.357,0.0
Siosaia Vave,parramatta-eels,12,2018-09-01,-0.034,42,,,,
Mason Lino,newcastle-knights,25,2020-09-25,-0.034,42,,,,
Junior Paulo,parramatta-eels,186,2026-09-06,-0.034,42,Prop,-2.142,-0.131,0.078
Sione Katoa,cronulla-sutherland-sharks,143,2026-09-19,-0.034,42,Winger,-0.635,0.258,0.746
Nicholas Tsougranis,st-george-illawarra-dragons,1,2025-06-12,-0.034,42,,,,
Kaeo Weekes,canberra-raiders,77,2026-09-05,-0.035,41,Fullback,-0.952,-1.079,0.404
Matt Ikuvalu,cronulla-sutherland-sharks,40,2022-09-04,-0.036,41,Winger,-0.347,0.546,0.783
Arama Hau,gold-coast-titans,28,2026-08-23,-0.036,41,2nd Row,-1.774,0.075,0.19
Vena Patuki-Case,canberra-raiders,2,2026-09-05,-0.036,41,Interchange,-1.47,0.287,0.0
Jackson Frei,warriors,3,2022-08-06,-0.037,41,Replacement,-1.157,0.274,0.0
Tanner Stowers-Smith,warriors,33,2026-09-20,-0.037,41,Interchange,-2.051,-0.294,0.0
Temple Kalepo,north-queensland-cowboys,1,2025-07-05,-0.038,41,Interchange,-0.288,1.469,0.0
Ryan Hall,sydney-roosters,11,2020-08-06,-0.038,41,,,,
Jonathon Reuben,st-george-illawarra-dragons,1,2022-06-10,-0.038,41,Winger,-0.249,0.643,0.0
Jason Saab,manly-warringah-sea-eagles,127,2026-09-05,-0.038,41,Winger,-0.829,0.064,0.667
Kade Reed,st-george-illawarra-dragons,2,2026-05-09,-0.04,40,Reserve,-0.748,0.358,0.0
Jonathan Wright,manly-warringah-sea-eagles,1,2018-04-08,-0.04,40,,,,
Brock Greacen,newcastle-knights,1,2025-06-14,-0.04,40,Interchange,-0.264,1.492,0.0
Matt French,south-sydney-rabbitohs,1,2024-05-11,-0.04,40,Interchange,-0.494,1.262,0.0
Braidon Burns,north-queensland-cowboys,89,2026-09-12,-0.04,40,Winger,-1.077,-0.184,0.524
Ryan Couchman,st-george-illawarra-dragons,31,2026-09-06,-0.041,40,Interchange,-2.031,-0.275,0.026
Antonio Verhoeven,brisbane-broncos,3,2026-06-11,-0.041,40,Interchange,-0.676,1.081,0.25
Tim Lafai,canterbury-bankstown-bulldogs,51,2020-09-17,-0.041,40,,,,
Charlie Murray,wests-tigers,7,2026-08-02,-0.041,40,Interchange,-1.556,0.2,0.0
Jordan Martin,canberra-raiders,1,2024-06-29,-0.042,39,Interchange,-0.268,1.488,0.0
Ken Maumalo,wests-tigers,93,2022-09-04,-0.042,40,Winger,-0.805,0.087,0.6
Jordan Uta,canberra-raiders,1,2026-05-21,-0.042,39,Reserve,-0.828,0.277,0.0
Erin Clark,warriors,141,2026-09-20,-0.042,40,Lock,-2.268,-0.072,0.076
Samuel Hoare,north-queensland-cowboys,3,2018-06-15,-0.042,39,,,,
Tyrone Peachey,penrith-panthers,112,2024-06-01,-0.043,39,Interchange,-1.686,0.071,0.267
Josh Hoffman,parramatta-eels,17,2019-07-21,-0.043,39,,,,
Talanoa Penitani,south-sydney-rabbitohs,1,2026-05-24,-0.043,39,Winger,0.293,1.185,2.0
Jai Field,parramatta-eels,13,2020-09-18,-0.043,39,,,,
Reuben Porter,wests-tigers,8,2024-08-11,-0.044,39,2nd Row,-1.383,0.466,0.0
Fletcher Myers,south-sydney-rabbitohs,8,2025-05-09,-0.044,39,Winger,0.601,1.494,0.182
Lachlan Miller,newcastle-knights,19,2023-09-02,-0.044,39,Fullback,1.793,1.665,0.217
Pita Godinet,wests-tigers,9,2018-06-10,-0.045,38,,,,
Suaia Matagi,parramatta-eels,9,2018-06-02,-0.047,38,,,,
Jye Gray,south-sydney-rabbitohs,51,2026-09-11,-0.047,38,Fullback,-1.419,-1.546,0.323
Tristan Powell,melbourne-storm,1,2024-08-29,-0.047,38,Interchange,-0.27,1.486,0.0
Rex Bassingthwaighte,sydney-roosters,3,2026-09-04,-0.048,38,Winger,-0.379,0.514,0.846
Taylor Losalu,sydney-roosters,11,2026-09-04,-0.049,38,Interchange,-1.634,0.122,0.0
Emry Pere,north-queensland-cowboys,2,2020-09-18,-0.05,38,,,,
Sam Kasiano,melbourne-storm,12,2018-06-17,-0.05,38,,,,
Falakiko Manu,canterbury-bankstown-bulldogs,3,2021-08-15,-0.05,38,Reserve,-1.299,-0.194,0.0
Dion Teaupa,south-sydney-rabbitohs,4,2024-08-03,-0.051,38,Replacement,-1.228,0.203,0.1
Jake Granville,north-queensland-cowboys,122,2024-08-01,-0.051,37,Interchange,-2.279,-0.522,0.047
Hame Sele,st-george-illawarra-dragons,76,2026-04-10,-0.051,37,Interchange,-2.081,-0.325,0.03
Adrian Trevilyan,canberra-raiders,3,2023-08-13,-0.052,37,Interchange,-0.76,0.996,0.0
Jacob Halangahu,st-george-illawarra-dragons,17,2026-09-06,-0.053,37,Interchange,-1.822,-0.065,0.0
Siale Faeamani,gold-coast-titans,9,2026-09-04,-0.053,37,Winger,-1.231,-0.339,0.294
Aaron Pene,melbourne-storm,30,2023-08-31,-0.053,37,Interchange,-1.957,-0.2,0.0
Peter Wallace,penrith-panthers,9,2018-05-11,-0.053,37,,,,
Aublix Tawha,brisbane-broncos,19,2026-09-03,-0.053,37,Interchange,-1.973,-0.217,0.0
Freddy Lussick,penrith-panthers,73,2026-09-13,-0.053,37,Hooker,-2.412,-0.282,0.074
Will Chambers,cronulla-sutherland-sharks,51,2021-08-07,-0.055,37,Centre,-1.284,-0.724,0.111
Sebastian Su'A,dolphins,1,2026-07-05,-0.056,36,Reserve,-1.154,-0.049,0.0
Luke Lewis,cronulla-sutherland-sharks,17,2018-09-21,-0.056,37,,,,
Eli Clark,canterbury-bankstown-bulldogs,1,2024-09-07,-0.057,36,Replacement,-0.699,0.732,0.0
Tim Glasby,newcastle-knights,51,2020-06-27,-0.058,36,,,,
Leeson Ah Mau,warriors,68,2021-07-24,-0.058,36,Interchange,-1.613,0.144,0.056
Lyhkan King-Togia,st-george-illawarra-dragons,29,2026-09-06,-0.058,36,Five-Eighth,-1.846,-1.443,0.095
Daniel Vasquez,cronulla-sutherland-sharks,1,2020-09-26,-0.059,36,,,,
Araz Nanva,parramatta-eels,3,2026-07-11,-0.059,36,Centre,-0.52,0.04,0.333
Tevita Naufahu,dolphins,14,2026-09-04,-0.059,36,Winger,-1.275,-0.382,0.3
Karl Oloapu,canterbury-bankstown-bulldogs,7,2023-06-18,-0.059,36,Five-Eighth,-1.159,-0.756,0.0
Brent Woolf,dolphins,1,2026-03-08,-0.059,36,Interchange,-0.291,1.465,0.0
James Roumanos,manly-warringah-sea-eagles,1,2022-09-02,-0.06,35,Replacement,-0.69,0.741,0.0
Liam Ison,cronulla-sutherland-sharks,1,2024-07-27,-0.06,35,Fullback,-0.246,-0.374,0.0
Davvy Moale,melbourne-storm,78,2026-08-08,-0.06,35,Interchange,-2.111,-0.355,0.056
Ryan Simpkins,gold-coast-titans,2,2018-05-05,-0.06,35,,,,
Brayden Mcgrady,dolphins,1,2023-06-24,-0.061,35,Winger,-0.02,0.873,1.0
Loko Jnr Pasifiki Tonga,st-george-illawarra-dragons,28,2026-09-06,-0.062,35,Prop,-1.855,0.155,0.032
Jayden Okunbor,canterbury-bankstown-bulldogs,40,2023-09-03,-0.062,35,Winger,-1.6,-0.707,0.265
James Roberts,wests-tigers,62,2022-08-13,-0.062,35,Centre,-1.584,-1.025,0.167
Asipeli Fine,canterbury-bankstown-bulldogs,6,2018-05-20,-0.062,35,,,,
Shaun Fensom,brisbane-broncos,16,2019-03-28,-0.062,35,,,,
Patrick Carrigan,brisbane-broncos,146,2026-09-03,-0.063,34,Lock,-2.284,-0.087,0.044
Moala Graham-Taufa,south-sydney-rabbitohs,6,2026-05-03,-0.063,34,Reserve,-1.5,-0.394,0.071
Bradley Schneider,dolphins,56,2026-07-31,-0.063,34,Interchange,-1.035,0.721,0.103
Karl Lawton,north-queensland-cowboys,101,2025-08-30,-0.063,34,Interchange,-2.229,-0.473,0.08
Siliva Havili,south-sydney-rabbitohs,147,2025-09-05,-0.064,34,Interchange,-2.218,-0.461,0.049
Alfred Smalley,manly-warringah-sea-eagles,2,2022-08-20,-0.064,34,Winger,-0.298,0.595,0.5
Alexander Lobb,wests-tigers,2,2024-07-12,-0.065,34,,,,
Savelio Tamale,canberra-raiders,33,2026-08-15,-0.065,34,Winger,-1.262,-0.369,0.368
Sione Mata'Utia,newcastle-knights,56,2020-10-04,-0.066,34,,,,
Reece Foley,sydney-roosters,2,2026-09-04,-0.067,33,Five-Eighth,-1.488,-1.085,0.0
Toby Rodwell,sydney-roosters,2,2026-09-04,-0.067,33,Reserve,0.412,1.518,0.083
Darren Nicholls,st-george-illawarra-dragons,3,2019-07-19,-0.067,34,,,,
Joash Papalii,parramatta-eels,25,2026-07-11,-0.068,33,Fullback,-1.65,-1.778,0.15
Adam Doueihi,wests-tigers,127,2026-08-16,-0.068,33,Centre,6.678,7.238,0.367
Setu Tu,st-george-illawarra-dragons,18,2026-08-16,-0.068,33,Winger,-0.984,-0.092,0.455
Saxon Pryke,parramatta-eels,10,2026-09-06,-0.068,33,Interchange,-1.426,0.33,0.0
Harrison Hassett,penrith-panthers,1,2025-05-24,-0.068,33,Interchange,-0.468,1.288,0.333
Emarly Bitungane,north-queensland-cowboys,2,2025-08-10,-0.069,33,,,,
Siulagi Tuimalatu-Brown,melbourne-storm,11,2026-09-05,-0.069,33,Winger,-1.446,-0.554,0.261
Mavrik Geyer,wests-tigers,17,2026-06-28,-0.069,33,Interchange,-1.993,-0.237,0.0
Payne Haas,brisbane-broncos,157,2026-09-03,-0.07,32,Prop,-1.982,0.029,0.123
Ryan Rivett,newcastle-knights,1,2023-03-17,-0.07,33,Interchange,-0.273,1.483,0.0
Max King,canterbury-bankstown-bulldogs,136,2026-09-03,-0.07,32,Prop,-2.237,-0.227,0.035
Sione Finau,st-george-illawarra-dragons,6,2025-07-19,-0.072,32,Winger,-0.623,0.27,0.5
Tom Gilbert,dolphins,90,2026-09-12,-0.072,32,2nd Row,-2.157,-0.308,0.069
David Fale,st-george-illawarra-dragons,3,2026-04-18,-0.072,32,Winger,-0.652,0.241,0.0
Jack Stockwell,gold-coast-titans,28,2019-09-07,-0.072,32,,,,
Tepai Moeroa,melbourne-storm,56,2024-08-29,-0.073,32,Interchange,-1.779,-0.022,0.038
Xavier Willison,brisbane-broncos,74,2026-09-03,-0.073,32,Interchange,-1.751,0.005,0.212
Trent Toelau,melbourne-storm,27,2026-09-05,-0.074,32,Interchange,-1.819,-0.063,0.057
Peni Terepo,parramatta-eels,39,2020-06-20,-0.074,31,,,,
Jackson Shereb,manly-warringah-sea-eagles,5,2026-08-14,-0.074,31,Reserve,-1.646,-0.54,0.0
Herman Ese'Ese,dolphins,95,2023-09-02,-0.074,32,Interchange,-1.869,-0.113,0.056
Josese Lanyon,wests-tigers,4,2026-07-10,-0.074,31,Hooker,-1.042,1.088,0.0
Troy Dargan,south-sydney-rabbitohs,2,2020-06-05,-0.074,31,,,,
Jake Tago,parramatta-eels,9,2025-03-09,-0.075,31,Winger,-0.801,0.091,0.5
Tyson Gamble,newcastle-knights,67,2026-03-21,-0.075,31,Five-Eighth,-1.475,-1.073,0.12
Tyronne Roberts-Davis,gold-coast-titans,1,2018-04-21,-0.076,31,,,,
Jahream Bula,wests-tigers,78,2026-09-06,-0.076,31,Fullback,-1.4,-1.528,0.372
Robert Derby,north-queensland-cowboys,20,2026-09-05,-0.076,30,Winger,-1.423,-0.531,0.29
Darryn Schonig,melbourne-storm,7,2021-03-25,-0.076,30,Interchange,-0.272,1.484,0.0
Isaac Liu,gold-coast-titans,161,2024-09-07,-0.076,31,Lock,-2.279,-0.082,0.021
Marcelo Montoya,canterbury-bankstown-bulldogs,141,2026-05-22,-0.076,31,Winger,-1.526,-0.634,0.355
Rhyse Martin,canterbury-bankstown-bulldogs,24,2019-06-16,-0.077,30,,,,
Paul Bryan,manly-warringah-sea-eagles,3,2026-03-26,-0.077,30,Interchange,-1.169,0.587,0.0
Gabriel Satrick,melbourne-storm,2,2026-07-17,-0.077,30,Interchange,-0.517,1.239,0.0
Cade Cust,manly-warringah-sea-eagles,27,2021-07-16,-0.078,30,Interchange,-1.206,0.55,0.182
Zac Cini,wests-tigers,3,2021-09-05,-0.078,30,Reserve,-1.119,-0.014,0.125
Daniel Saifiti,dolphins,144,2025-04-27,-0.078,30,Prop,-1.934,0.076,0.13
Cooper Clarke,melbourne-storm,23,2026-09-05,-0.079,29,Interchange,-1.851,-0.095,0.071
Bryce Cartwright,parramatta-eels,115,2024-09-06,-0.079,30,2nd Row,-1.982,-0.133,0.163
Andrew Davey,parramatta-eels,43,2023-08-11,-0.079,30,2nd Row,-1.83,0.019,0.147
Aaron Booth,gold-coast-titans,10,2022-08-05,-0.08,29,Interchange,-1.644,0.112,0.0
Tautau Moga,st-george-illawarra-dragons,28,2023-06-29,-0.08,29,Winger,-0.659,0.234,0.65
Corey Waddell,manly-warringah-sea-eagles,141,2026-09-05,-0.081,29,2nd Row,-2.173,-0.325,0.111
Tallyn Da Silva,parramatta-eels,53,2026-09-06,-0.081,29,Interchange,-1.58,0.176,0.288
David Nofoaluma,wests-tigers,110,2023-08-26,-0.081,29,Winger,-1.187,-0.295,0.508
Abbas Miski,manly-warringah-sea-eagles,6,2020-09-27,-0.081,29,,,,
Allan Fitzgibbon,gold-coast-titans,6,2025-06-29,-0.082,29,Winger,-0.8,0.092,0.333
Egan Butcher,sydney-roosters,83,2026-09-04,-0.083,29,Interchange,-2.065,-0.309,0.129
Mitch Cornish,sydney-roosters,1,2018-03-10,-0.084,29,,,,
Karmichael Hunt,brisbane-broncos,2,2021-06-17,-0.084,29,Five-Eighth,-0.559,-0.156,0.0
Drew Hutchison,canterbury-bankstown-bulldogs,82,2024-09-07,-0.084,28,Interchange,-1.866,-0.11,0.108
Wayde Egan,warriors,173,2026-09-20,-0.084,28,Hooker,-2.551,-0.421,0.145
Dean Hawkins,parramatta-eels,25,2025-08-10,-0.085,28,Halfback,-0.461,-2.55,0.097
Liam Le Blanc,south-sydney-rabbitohs,29,2026-08-22,-0.085,28,Interchange,-2.017,-0.26,0.026
Aaron Schoupp,manly-warringah-sea-eagles,52,2026-06-27,-0.085,28,Centre,-1.516,-0.957,0.176
Jayden Campbell,gold-coast-titans,96,2026-09-04,-0.086,28,Five-Eighth,5.319,5.722,0.442
Jackson Topine,canterbury-bankstown-bulldogs,15,2023-07-15,-0.086,28,Interchange,-1.89,-0.134,0.043
Siosiua Taukeiaho,manly-warringah-sea-eagles,128,2026-05-09,-0.086,28,Prop,-0.933,1.078,0.046
Jacob Liddle,st-george-illawarra-dragons,138,2026-08-22,-0.086,28,Hooker,-2.24,-0.11,0.219
Bradley Deitz,canterbury-bankstown-bulldogs,7,2021-05-29,-0.087,28,Interchange,-1.241,0.515,0.0
Connelly Lemuelu,dolphins,104,2026-09-12,-0.088,27,2nd Row,-1.905,-0.056,0.228
Lachlan Hubner,south-sydney-rabbitohs,46,2026-09-11,-0.089,27,Interchange,-2.099,-0.343,0.036
Jaxson Paulo,north-queensland-cowboys,64,2025-07-17,-0.089,27,Winger,-1.405,-0.512,0.391
Zyon Maiu'U,warriors,1,2024-04-25,-0.09,27,Replacement,-0.818,0.613,0.0
Sitili Tupouniua,canterbury-bankstown-bulldogs,130,2026-08-07,-0.09,27,2nd Row,-1.626,0.223,0.351
Solomon Alaimalo,wests-tigers,8,2024-08-22,-0.092,27,Winger,-1.065,-0.172,0.222
Sam Stone,gold-coast-titans,23,2021-06-20,-0.092,27,2nd Row,-1.129,0.72,0.0
Harrison Edwards,parramatta-eels,63,2026-09-06,-0.092,27,Interchange,-2.314,-0.558,0.014
Tom Freebairn,wests-tigers,5,2022-09-04,-0.092,27,Interchange,-0.639,1.118,0.4
Gavin Cooper,north-queensland-cowboys,61,2020-09-24,-0.093,26,,,,
Josh Curran,canterbury-bankstown-bulldogs,120,2026-09-03,-0.093,26,Interchange,-1.969,-0.212,0.197
Jacob Gagan,south-sydney-rabbitohs,1,2019-04-06,-0.093,27,,,,
Toafofoa Sipley,manly-warringah-sea-eagles,91,2025-08-30,-0.094,26,Interchange,-1.97,-0.214,0.091
Ata Hingano,canberra-raiders,9,2018-06-08,-0.095,26,,,,
Ronald Volkman,parramatta-eels,26,2026-09-06,-0.095,26,Five-Eighth,-0.68,-0.278,0.346
Jesse Arthars,brisbane-broncos,105,2026-06-26,-0.095,26,Winger,-1.444,-0.551,0.385
Isaiah Tass,south-sydney-rabbitohs,70,2025-09-05,-0.095,26,Centre,-1.582,-1.022,0.247
Justin Olam,wests-tigers,115,2024-08-01,-0.096,26,Centre,-1.423,-0.863,0.405
Jesse Bromwich,dolphins,154,2024-09-08,-0.096,26,Prop,-2.189,-0.178,0.044
Lachlan Burr,north-queensland-cowboys,51,2021-07-09,-0.097,26,Interchange,-1.562,0.195,0.062
Joe Roddy,canberra-raiders,8,2026-09-05,-0.098,25,Interchange,-1.522,0.234,0.118
Jayson Bukuya,cronulla-sutherland-sharks,33,2019-09-01,-0.098,25,,,,
Kai O'Donnell,north-queensland-cowboys,27,2026-08-15,-0.099,25,Reserve,-2.139,-1.034,0.0
Matty Nicholson,canberra-raiders,15,2026-09-05,-0.099,25,2nd Row,-1.42,0.429,0.273
Toby Rudolf,cronulla-sutherland-sharks,130,2026-09-05,-0.1,25,Prop,-2.222,-0.212,0.041
Hohepa Puru,cronulla-sutherland-sharks,16,2026-09-05,-0.1,25,Interchange,-2.177,-0.421,0.026
Matt Burton,canterbury-bankstown-bulldogs,139,2026-09-03,-0.1,25,Five-Eighth,4.819,5.221,0.356
Hamiso Tabuai-Fidow,dolphins,124,2026-09-12,-0.1,25,Fullback,-0.576,-0.704,0.767
Simi Sasagi,canberra-raiders,63,2026-09-05,-0.101,25,Interchange,-1.852,-0.096,0.18
Moeaki Fotuaika,gold-coast-titans,183,2026-09-04,-0.101,25,Prop,-2.23,-0.219,0.037
Jamayne Taunoa-Brown,north-queensland-cowboys,63,2023-08-05,-0.102,25,Interchange,-2.167,-0.411,0.0
Kaide Ellis,st-george-illawarra-dragons,22,2021-08-22,-0.102,24,Interchange,-1.624,0.132,0.0
Nathaniel Roache,parramatta-eels,7,2021-06-20,-0.103,24,Interchange,-0.292,1.464,0.0
Kaiden Lahrs,north-queensland-cowboys,9,2026-09-05,-0.103,24,Interchange,-1.71,0.047,0.0
Sosaia Feki,cronulla-sutherland-sharks,36,2019-09-14,-0.103,24,,,,
Reece Robinson,sydney-roosters,4,2018-04-12,-0.103,24,,,,
Corey Norman,st-george-illawarra-dragons,77,2021-09-04,-0.103,24,Five-Eighth,2.186,2.588,0.091
Keagan Russell-Smith,melbourne-storm,2,2026-05-22,-0.104,24,Interchange,-0.564,1.192,0.0
Josh King,melbourne-storm,174,2026-09-05,-0.104,24,Prop,-2.19,-0.18,0.099
Blake Austin,canberra-raiders,22,2018-08-31,-0.104,24,,,,
Alex Seyfarth,wests-tigers,114,2026-09-06,-0.105,24,Interchange,-2.197,-0.441,0.102
Zach Dockar-Clay,manly-warringah-sea-eagles,35,2026-05-16,-0.105,23,Interchange,-2.162,-0.406,0.043
Lewis Brown,manly-warringah-sea-eagles,2,2018-05-25,-0.105,23,,,,
Brent Naden,wests-tigers,78,2025-08-24,-0.105,23,Centre,-1.775,-1.215,0.233
Starford To'A,wests-tigers,91,2026-07-18,-0.105,23,Centre,-1.665,-1.106,0.307
Sosefo Fifita,gold-coast-titans,71,2026-07-12,-0.105,23,,,,
Rocco Berry,warriors,51,2025-09-05,-0.106,23,Centre,-1.837,-1.278,0.236
Paul Turner,st-george-illawarra-dragons,11,2023-07-07,-0.106,23,Interchange,-1.344,0.412,0.167
Max Mccathie,sydney-roosters,1,2025-07-06,-0.107,23,Interchange,-0.29,1.466,0.0
De La Salle Va'A,sydney-roosters,3,2026-09-04,-0.107,23,Interchange,-1.236,0.52,0.0
Curtis Scott,canberra-raiders,55,2021-05-29,-0.107,22,Centre,-1.275,-0.715,0.1
Shaq Mitchell,south-sydney-rabbitohs,20,2024-08-24,-0.107,23,,,,
Elijah Taylor,wests-tigers,43,2020-09-26,-0.108,22,,,,
Matt Eisenhuth,penrith-panthers,130,2025-08-28,-0.108,22,,,,
Samuel Hughes,canterbury-bankstown-bulldogs,48,2026-05-07,-0.109,22,Prop,-1.884,0.127,0.104
Josh Jackson,canterbury-bankstown-bulldogs,103,2022-09-02,-0.11,22,Lock,-2.268,-0.071,0.0
Tex Hoy,newcastle-knights,29,2022-09-04,-0.111,22,Fullback,0.131,0.004,0.148
Heamasi Makasini,wests-tigers,14,2026-08-02,-0.111,22,Centre,-1.455,-0.895,0.133
Billy Magoulias,cronulla-sutherland-sharks,14,2021-08-21,-0.111,22,Interchange,-1.769,-0.012,0.0
Marion Seve,melbourne-storm,51,2025-08-29,-0.112,22,Centre,-1.581,-1.021,0.257
Matt Gillett,brisbane-broncos,21,2019-09-15,-0.112,22,,,,
David Gower,parramatta-eels,33,2020-07-18,-0.113,22,,,,
Jordan Grant,melbourne-storm,7,2023-03-11,-0.114,21,Interchange,-1.589,0.167,0.0
Jack Cogger,penrith-panthers,98,2026-08-20,-0.114,21,Halfback,-1.179,-3.268,0.056
Moses Leota,penrith-panthers,207,2026-09-13,-0.116,21,Prop,-2.136,-0.125,0.074
Kelma Tuilagi,parramatta-eels,85,2026-08-02,-0.116,21,2nd Row,-2.086,-0.237,0.14
Riley Price,penrith-panthers,3,2025-08-28,-0.116,21,Replacement,-1.257,0.174,0.0
Zac Laybutt,north-queensland-cowboys,40,2026-09-12,-0.118,21,Centre,-1.327,-0.767,0.288
Hayden Buchanan,st-george-illawarra-dragons,8,2026-05-23,-0.118,21,Centre,-1.226,-0.667,0.111
Thomas Weaver,gold-coast-titans,11,2025-06-29,-0.119,21,,,,
Kirisome Auva'A,parramatta-eels,6,2018-04-14,-0.121,21,,,,
Danny Fualalo,canterbury-bankstown-bulldogs,35,2019-08-10,-0.121,20,,,,
Brock Lamb,sydney-roosters,9,2019-05-24,-0.121,21,,,,
Adam Cook,canberra-raiders,8,2025-09-07,-0.122,20,Five-Eighth,0.103,0.506,0.0
Jared Haywood,wests-tigers,3,2026-07-25,-0.122,20,Reserve,-0.779,0.326,0.0
Ryley Jacks,melbourne-storm,36,2021-05-16,-0.123,20,Reserve,-0.484,0.621,0.0
Euan Aitken,south-sydney-rabbitohs,160,2026-08-29,-0.124,20,2nd Row,-1.833,0.016,0.259
Liam Knight,canterbury-bankstown-bulldogs,79,2024-03-29,-0.126,20,Interchange,-1.864,-0.108,0.032
Khaled Rajab,canterbury-bankstown-bulldogs,4,2023-07-02,-0.126,20,Interchange,-0.84,0.916,0.0
Taniela Otukolo,warriors,8,2022-08-26,-0.127,20,Interchange,-1.489,0.268,0.0
John Olive,canterbury-bankstown-bulldogs,3,2018-06-16,-0.127,20,,,,
Brendan Elliot,north-queensland-cowboys,32,2023-04-07,-0.128,20,Replacement,-1.781,-0.35,0.0
Joey Lussick,parramatta-eels,38,2025-06-28,-0.128,19,Hooker,-2.036,0.094,0.205
Kurtis Morrin,gold-coast-titans,67,2026-09-04,-0.129,19,Interchange,-1.987,-0.231,0.134
Steven Marsters,south-sydney-rabbitohs,6,2021-05-06,-0.129,19,Reserve,-0.699,0.406,0.0
Jake Friend,sydney-roosters,52,2021-03-13,-0.129,19,Hooker,-0.33,1.8,0.0
Ryan Gray,south-sydney-rabbitohs,5,2025-08-01,-0.129,19,Interchange,-1.134,0.622,0.0
Jirah Momoisea,parramatta-eels,8,2023-03-16,-0.13,19,Interchange,-1.425,0.331,0.0
Cooper Johns,manly-warringah-sea-eagles,19,2023-05-28,-0.13,19,Five-Eighth,-1.768,-1.365,0.056
Ricky Leutele,melbourne-storm,26,2020-09-27,-0.131,19,,,,
Raymond Faitala-Mariner,st-george-illawarra-dragons,95,2025-08-21,-0.131,19,Interchange,-2.163,-0.407,0.036
Damien Cook,st-george-illawarra-dragons,212,2026-09-06,-0.131,19,Hooker,-2.306,-0.175,0.14
Daniel Atkinson,st-george-illawarra-dragons,56,2026-09-06,-0.132,18,Five-Eighth,-0.966,-0.563,0.118
Michael Gordon,gold-coast-titans,36,2019-09-07,-0.132,18,,,,
Brayden Wiliame,warriors,17,2023-03-11,-0.132,18,Centre,-1.192,-0.632,0.312
Raymond Tuaimalo Vaega,manly-warringah-sea-eagles,11,2024-05-24,-0.133,18,Winger,-1.279,-0.387,0.214
J'Maine Hopgood,parramatta-eels,69,2026-03-05,-0.133,18,Lock,-2.146,0.05,0.093
Dylan Napa,sydney-roosters,75,2023-08-18,-0.133,18,Interchange,-1.567,0.189,0.1
Brendan Hands,parramatta-eels,40,2025-03-16,-0.133,18,Hooker,-2.438,-0.308,0.044
Javid Bowen,north-queensland-cowboys,21,2021-07-17,-0.134,18,Centre,-1.073,-0.513,0.3
Isaac Lumelume,parramatta-eels,8,2023-07-08,-0.134,18,Winger,-0.869,0.023,0.286
Krystian Mapapalangi,newcastle-knights,6,2024-08-11,-0.135,18,Replacement,-1.385,0.046,0.091
Kallum Watkins,gold-coast-titans,8,2020-03-22,-0.136,17,,,,
Shane Wright,north-queensland-cowboys,39,2021-07-30,-0.136,18,2nd Row,-1.7,0.149,0.062
Tom Rodwell,sydney-roosters,2,2026-09-04,-0.136,17,Interchange,-1.371,0.386,0.0
Billy Slater,melbourne-storm,20,2018-09-30,-0.136,17,,,,
Ata Mariota,canberra-raiders,84,2026-09-05,-0.137,17,Interchange,-2.188,-0.432,0.042
Fonua Pole,wests-tigers,99,2026-09-06,-0.138,17,Prop,-2.066,-0.055,0.099
Josh Feledy,manly-warringah-sea-eagles,12,2026-09-05,-0.138,17,Centre,-1.294,-0.734,0.37
James Schiller,newcastle-knights,30,2026-04-26,-0.139,17,Winger,-1.333,-0.441,0.378
Ben Hampton,north-queensland-cowboys,54,2023-05-26,-0.139,17,Halfback,-1.316,-3.405,0.133
Tristan Sailor,brisbane-broncos,21,2024-09-05,-0.14,17,Fullback,-1.615,-1.743,0.05
Josh Mansour,south-sydney-rabbitohs,69,2022-04-29,-0.141,17,Winger,-0.703,0.189,0.632
Kyle Mccarthy,newcastle-knights,6,2025-07-27,-0.141,16,Centre,-1.468,-0.908,0.077
Jake Simpkin,manly-warringah-sea-eagles,94,2026-09-05,-0.141,16,Interchange,-2.559,-0.803,0.059
Izaac Thompson,wests-tigers,14,2025-07-26,-0.141,16,,,,
Zane Musgrove,st-george-illawarra-dragons,45,2023-08-25,-0.142,16,Prop,-1.923,0.088,0.071
Sione Katoa,canterbury-bankstown-bulldogs,59,2021-09-05,-0.143,16,Winger,-0.635,0.258,0.746
Daniel Russell,st-george-illawarra-dragons,8,2023-09-02,-0.145,16,,,,
James Maloney,penrith-panthers,43,2019-09-08,-0.146,16,,,,
Mathew Feagai,st-george-illawarra-dragons,82,2026-09-06,-0.146,16,Winger,-1.538,-0.646,0.352
Jack Williams,parramatta-eels,164,2026-09-06,-0.147,16,Interchange,-2.148,-0.392,0.081
Trent Peoples,south-sydney-rabbitohs,2,2022-05-22,-0.147,16,Replacement,-0.73,0.701,0.0
Charlie Gubb,canberra-raiders,5,2018-06-08,-0.149,15,,,,
Tyrone Thompson,newcastle-knights,3,2025-04-25,-0.149,15,Interchange,-0.678,1.078,0.0
Latu Fainu,wests-tigers,36,2026-09-06,-0.15,15,Interchange,-1.804,-0.048,0.125
Kelepi Tanginoa,manly-warringah-sea-eagles,14,2019-05-10,-0.151,15,,,,
Jaylan De Groot,gold-coast-titans,24,2026-08-29,-0.152,15,Winger,-1.779,-0.887,0.2
Trey Mooney,newcastle-knights,47,2026-08-30,-0.153,15,Interchange,-1.885,-0.129,0.13
Naufahu Whyte,sydney-roosters,80,2026-09-19,-0.153,15,Prop,-2.108,-0.097,0.045
Shaun Kenny-Dowall,newcastle-knights,46,2019-08-31,-0.154,15,,,,
Bailey Biondi-Odo,canterbury-bankstown-bulldogs,12,2022-05-13,-0.155,15,Interchange,-1.573,0.184,0.118
Leilani Latu,gold-coast-titans,9,2019-08-10,-0.156,15,,,,
Ethan Lowe,south-sydney-rabbitohs,47,2020-07-18,-0.157,14,,,,
Aitasi James,manly-warringah-sea-eagles,6,2024-06-22,-0.157,14,Interchange,-1.224,0.533,0.0
William Kennedy,cronulla-sutherland-sharks,157,2026-09-19,-0.157,14,Fullback,-1.395,-1.523,0.393
Delouise Hoeter,brisbane-broncos,9,2025-07-04,-0.159,14,Centre,-1.11,-0.55,0.333
William Hopoate,canterbury-bankstown-bulldogs,81,2021-09-05,-0.16,14,,,,
Charlie Guymer,parramatta-eels,25,2026-05-16,-0.161,14,Interchange,-1.942,-0.186,0.086
Sam Tuivaiti,parramatta-eels,23,2026-08-08,-0.164,14,Interchange,-1.798,-0.042,0.038
Bevan French,parramatta-eels,18,2018-09-01,-0.164,14,,,,
Pasami Saulo,newcastle-knights,72,2026-09-20,-0.165,14,Interchange,-2.204,-0.448,0.0
Gerard Beale,st-george-illawarra-dragons,41,2021-09-04,-0.165,14,Centre,-0.926,-0.366,0.4
Lewis Dodd,south-sydney-rabbitohs,6,2025-08-01,-0.166,13,Interchange,-1.078,0.678,0.0
Kitione Kautoga,parramatta-eels,36,2026-09-06,-0.166,13,2nd Row,-1.976,-0.128,0.108
Benjamin Te Kura,brisbane-broncos,5,2025-06-07,-0.166,14,Replacement,-1.301,0.13,0.091
Sam Mcintyre,north-queensland-cowboys,90,2026-09-05,-0.167,13,Interchange,-2.263,-0.506,0.056
Jack Johns,newcastle-knights,14,2023-05-28,-0.167,13,Interchange,-1.712,0.044,0.091
David Fusitu'A,warriors,51,2021-04-09,-0.168,13,Winger,-0.985,-0.092,0.0
Jacob Saifiti,newcastle-knights,148,2026-08-30,-0.17,13,Prop,-2.152,-0.142,0.06
Jack Bird,wests-tigers,102,2025-07-26,-0.171,13,Centre,-1.682,-1.122,0.187
Joey Walsh,manly-warringah-sea-eagles,10,2026-08-14,-0.171,13,Reserve,-1.491,-0.385,0.167
Aidan Guerra,newcastle-knights,56,2020-10-04,-0.172,13,,,,
Konrad Hurrell,gold-coast-titans,19,2018-09-01,-0.173,13,,,,
Beau Scott,parramatta-eels,7,2018-05-18,-0.173,12,,,,
Phillip Sami,gold-coast-titans,159,2026-09-04,-0.176,12,Winger,-1.163,-0.271,0.496
Jorge Taufua,manly-warringah-sea-eagles,50,2022-05-26,-0.176,12,Winger,-0.004,0.888,1.0
Michael Jennings,sydney-roosters,69,2024-09-01,-0.178,12,Centre,-1.321,-0.761,0.214
Briton Nikora,cronulla-sutherland-sharks,175,2026-09-19,-0.179,12,2nd Row,-1.939,-0.09,0.275
Nathan Brown,manly-warringah-sea-eagles,144,2026-09-05,-0.18,12,Interchange,-2.289,-0.533,0.028
Jacob Preston,canterbury-bankstown-bulldogs,80,2026-09-03,-0.181,12,2nd Row,-1.59,0.258,0.365
Dominic Young,newcastle-knights,116,2026-09-20,-0.182,12,Winger,-0.4,0.492,0.817
Patrick Kaufusi,st-george-illawarra-dragons,9,2019-09-01,-0.183,12,,,,
Jordan Pereira,brisbane-broncos,42,2023-08-31,-0.183,12,Winger,-1.17,-0.278,0.312
Ryan Sutton,canterbury-bankstown-bulldogs,86,2023-09-03,-0.185,11,Interchange,-2.056,-0.299,0.058
Bailey Simonsson,parramatta-eels,104,2026-04-06,-0.186,11,Winger,-1.577,-0.685,0.317
Junior Tupou,wests-tigers,44,2026-09-06,-0.186,11,Winger,-1.686,-0.794,0.229
Trai Fuller,dolphins,23,2026-07-11,-0.187,11,Fullback,-1.303,-1.431,0.281
Toby Couchman,st-george-illawarra-dragons,60,2026-09-06,-0.188,11,Interchange,-2.111,-0.354,0.06
Joe Ofahengaue,parramatta-eels,152,2025-04-12,-0.188,11,Lock,-2.179,0.017,0.061
Stefano Utoikamanu,melbourne-storm,126,2026-09-05,-0.188,11,Prop,-2.028,-0.017,0.125
Sean Keppie,south-sydney-rabbitohs,134,2026-09-11,-0.192,11,Prop,-2.271,-0.26,0.039
Tristan Hope,wests-tigers,10,2026-06-07,-0.192,11,Reserve,-1.977,-0.872,0.0
Blaize Talagi,penrith-panthers,60,2026-07-23,-0.192,11,Five-Eighth,-1.569,-1.166,0.324
Manu Ma'U,parramatta-eels,33,2019-09-21,-0.193,11,,,,
Matt Doorey,parramatta-eels,52,2026-03-28,-0.193,10,Interchange,-2.038,-0.281,0.073
Tom Chester,north-queensland-cowboys,36,2026-09-12,-0.194,10,Centre,-1.462,-0.902,0.319
Jamie Buhrer,newcastle-knights,28,2019-07-26,-0.195,10,,,,
Brodie Jones,newcastle-knights,83,2026-08-01,-0.195,10,Interchange,-2.162,-0.406,0.073
Jonus Pearson,gold-coast-titans,14,2021-04-17,-0.195,10,Winger,-0.293,0.599,0.0
Chad Townsend,sydney-roosters,151,2025-07-18,-0.195,10,Halfback,0.111,-1.978,0.075
Jj Collins,dolphins,6,2023-08-25,-0.196,10,Replacement,-1.165,0.266,0.0
Luciano Leilua,st-george-illawarra-dragons,169,2026-07-31,-0.196,10,2nd Row,-2.138,-0.289,0.136
Chris Lawrence,wests-tigers,45,2020-09-26,-0.197,10,,,,
Sandor Earl,melbourne-storm,8,2020-09-27,-0.198,10,,,,
Klese Haas,gold-coast-titans,80,2026-09-04,-0.199,9,Interchange,-2.216,-0.459,0.066
Tolutau Koula,manly-warringah-sea-eagles,99,2026-08-22,-0.201,9,Centre,-1.241,-0.681,0.461
Ethan Roberts,wests-tigers,5,2026-09-06,-0.202,9,Interchange,-1.016,0.74,0.143
Chris Mcqueen,wests-tigers,10,2020-07-17,-0.202,9,,,,
Va'A Semu,brisbane-broncos,13,2026-09-03,-0.204,9,Interchange,-1.828,-0.072,0.0
Daine Laurie,canberra-raiders,90,2026-08-21,-0.206,9,Fullback,-1.878,-2.005,0.171
Elliott Whitehead,canberra-raiders,153,2024-09-01,-0.207,9,2nd Row,-2.078,-0.23,0.181
Heath Mason,wests-tigers,21,2026-08-29,-0.208,9,Interchange,-1.648,0.108,0.061
Ryan Hoffman,melbourne-storm,20,2018-08-31,-0.208,9,,,,
Blake Mozer,brisbane-broncos,14,2026-08-27,-0.21,8,Interchange,-1.728,0.029,0.059
Charlie Staines,wests-tigers,77,2025-07-20,-0.21,9,Winger,-1.411,-0.518,0.427
Tevita Funa,manly-warringah-sea-eagles,15,2021-05-30,-0.21,8,Reserve,-1.38,-0.275,0.0
Daejarn Asi,parramatta-eels,41,2024-09-06,-0.211,8,Five-Eighth,-0.514,-0.111,0.096
Nathan Peats,gold-coast-titans,41,2020-08-22,-0.211,8,,,,
Tom Ale,warriors,41,2024-08-31,-0.212,8,Interchange,-1.968,-0.212,0.023
Kevin Proctor,gold-coast-titans,86,2022-05-07,-0.213,8,2nd Row,-1.769,0.08,0.194
Manaia Waitere,melbourne-storm,9,2026-07-31,-0.213,8,Centre,-1.462,-0.902,0.133
Alec Macdonald,melbourne-storm,83,2026-09-05,-0.214,8,Interchange,-2.083,-0.327,0.097
Dean Britt,canterbury-bankstown-bulldogs,26,2021-04-02,-0.215,8,Interchange,-0.277,1.48,0.0
Connor Muhleisen,st-george-illawarra-dragons,13,2026-09-06,-0.215,8,Interchange,-1.453,0.303,0.154
Liam Henry,penrith-panthers,64,2026-09-13,-0.218,7,Interchange,-1.902,-0.146,0.13
Fletcher Baker,manly-warringah-sea-eagles,58,2026-08-14,-0.218,7,Interchange,-2.155,-0.399,0.038
Lloyd Perrett,manly-warringah-sea-eagles,16,2019-09-20,-0.222,7,,,,
Tyrone Munro,south-sydney-rabbitohs,18,2025-09-05,-0.223,7,Winger,-0.729,0.164,0.619
Tom Dearden,north-queensland-cowboys,135,2026-09-12,-0.224,7,Five-Eighth,-1.513,-1.111,0.331
Jake Turpin,canterbury-bankstown-bulldogs,85,2026-09-03,-0.227,7,Hooker,-2.616,-0.485,0.0
Jonathan Sua,canterbury-bankstown-bulldogs,6,2026-05-15,-0.228,7,Winger,-1.306,-0.414,0.091
Kane Bradley,melbourne-storm,12,2025-08-29,-0.228,7,Replacement,-1.528,-0.097,0.208
Akuila Uate,manly-warringah-sea-eagles,15,2018-06-16,-0.229,7,,,,
Ethan King,north-queensland-cowboys,7,2026-08-06,-0.23,7,Replacement,-2.108,-0.677,0.0
Matthew Arthur,newcastle-knights,5,2025-08-17,-0.23,7,Interchange,-1.224,0.532,0.0
Tony Sukkar,wests-tigers,24,2026-08-29,-0.23,6,Interchange,-1.937,-0.18,0.062
Ethan Sanders,canberra-raiders,26,2026-08-21,-0.23,6,Halfback,7.215,5.126,0.103
Tallis Duncan,south-sydney-rabbitohs,71,2026-09-11,-0.231,6,2nd Row,-1.64,0.208,0.304
Lachlan Ilias,gold-coast-titans,71,2026-09-04,-0.232,6,Halfback,-1.282,-3.371,0.134
Luke Sommerton,gold-coast-titans,17,2026-09-04,-0.232,6,Hooker,-2.048,0.082,0.074
Blake Steep,sydney-roosters,26,2026-03-20,-0.233,6,Interchange,-1.808,-0.052,0.069
Mahe Fonua,wests-tigers,20,2019-06-07,-0.233,6,,,,
Matthew Wright,manly-warringah-sea-eagles,17,2018-09-02,-0.234,6,,,,
Kenny Bromwich,dolphins,159,2025-04-27,-0.235,6,,,,
Billy Brittain,st-george-illawarra-dragons,5,2020-09-12,-0.236,5,,,,
Patrick Herbert,wests-tigers,69,2026-09-06,-0.236,6,Centre,-1.772,-1.213,0.154
Cameron King,parramatta-eels,11,2018-08-24,-0.237,5,,,,
Christian Tuipulotu,st-george-illawarra-dragons,60,2026-05-23,-0.24,5,Winger,-1.154,-0.262,0.492
Sam Williams,canberra-raiders,36,2021-08-20,-0.244,5,Halfback,1.893,-0.196,0.333
Ben Murdoch-Masila,st-george-illawarra-dragons,62,2025-08-21,-0.245,5,Interchange,-2.067,-0.31,0.077
Asu Kepaoa,wests-tigers,43,2024-05-19,-0.246,5,Centre,-1.81,-1.25,0.196
Jayden Brailey,canberra-raiders,145,2026-07-25,-0.246,5,Hooker,-2.674,-0.543,0.051
Talatau Amone,st-george-illawarra-dragons,50,2023-09-02,-0.247,5,Five-Eighth,-1.833,-1.43,0.182
Tim Mannah,parramatta-eels,26,2019-05-23,-0.247,5,,,,
Trent Hodkinson,manly-warringah-sea-eagles,17,2018-09-02,-0.248,5,,,,
Sean O'Sullivan,canterbury-bankstown-bulldogs,64,2026-07-25,-0.25,4,Halfback,-1.724,-3.813,0.071
Semi Valemei,north-queensland-cowboys,43,2025-08-30,-0.254,4,Winger,-1.045,-0.152,0.528
Luke Bateman,canberra-raiders,21,2018-08-31,-0.255,4,,,,
Coen Hess,north-queensland-cowboys,170,2026-09-12,-0.256,4,Prop,-2.228,-0.218,0.049
Anthony Milford,dolphins,100,2024-06-01,-0.258,4,Five-Eighth,-0.424,-0.021,0.128
Issac Luke,brisbane-broncos,54,2020-09-24,-0.259,4,,,,
Jesse Mclean,penrith-panthers,4,2025-08-28,-0.259,4,Winger,-0.922,-0.029,0.167
Ethan Bullemor,manly-warringah-sea-eagles,116,2026-07-26,-0.26,4,Interchange,-2.015,-0.259,0.12
Simione Laiafi,manly-warringah-sea-eagles,15,2026-09-05,-0.262,4,Prop,-1.796,0.215,0.0
Chanel Harris-Tavita,warriors,116,2026-09-20,-0.264,4,Five-Eighth,-0.256,0.147,0.228
Martin Taupau,brisbane-broncos,144,2024-09-05,-0.268,3,Interchange,-2.079,-0.323,0.059
Sauaso Sue,newcastle-knights,65,2022-08-28,-0.272,3,Interchange,-1.828,-0.072,0.065
Shannon Boyd,gold-coast-titans,35,2020-05-29,-0.275,3,,,,
Chris Randall,gold-coast-titans,113,2026-09-04,-0.28,3,Hooker,-2.361,-0.23,0.111
Tim Grant,penrith-panthers,11,2019-05-30,-0.288,3,,,,
Thomas Cant,newcastle-knights,39,2026-09-20,-0.291,3,Interchange,-2.23,-0.473,0.0
Josh Mcguire,st-george-illawarra-dragons,82,2022-09-03,-0.291,3,Interchange,-1.934,-0.177,0.065
Tesi Niu,dolphins,56,2024-08-02,-0.291,3,Fullback,-1.316,-1.443,0.392
Caleb Aekins,canberra-raiders,18,2021-05-29,-0.295,3,Fullback,-1.071,-1.199,0.0
Jack Gosiewski,brisbane-broncos,93,2026-08-27,-0.296,3,Interchange,-2.038,-0.282,0.115
Te Maire Martin,warriors,95,2026-09-20,-0.301,3,Halfback,-1.799,-3.888,0.152
Clay Priest,canterbury-bankstown-bulldogs,7,2018-07-19,-0.302,2,,,,
Jack Cole,penrith-panthers,22,2026-09-13,-0.302,2,Five-Eighth,-1.841,-1.438,0.086
Soni Luke,north-queensland-cowboys,43,2026-09-12,-0.302,2,Interchange,-2.243,-0.486,0.051
Fletcher Hunt,newcastle-knights,28,2026-08-30,-0.303,2,Centre,-1.252,-0.692,0.439
Leo Thompson,canterbury-bankstown-bulldogs,96,2026-09-03,-0.306,2,Prop,-2.281,-0.27,0.029
Luke Thompson,canterbury-bankstown-bulldogs,37,2023-09-03,-0.306,2,Prop,-1.801,0.21,0.094
Michael Morgan,north-queensland-cowboys,38,2021-03-20,-0.307,2,Five-Eighth,-0.476,-0.073,0.0
Will Warbrick,melbourne-storm,74,2026-07-17,-0.309,2,Winger,-0.678,0.215,0.716
Shaun Lane,parramatta-eels,157,2025-04-12,-0.31,2,2nd Row,-2.045,-0.196,0.14
Dallin Watene-Zelezniak,warriors,172,2026-08-22,-0.328,2,Winger,-0.705,0.188,0.724
Brian Kelly,parramatta-eels,186,2026-09-06,-0.328,1,Centre,-1.332,-0.772,0.328
David Klemmer,st-george-illawarra-dragons,165,2025-09-06,-0.328,1,Prop,-2.227,-0.216,0.019
Robert Jennings,dolphins,55,2023-08-19,-0.33,1,Winger,-1.548,-0.656,0.15
Will Smith,wests-tigers,48,2023-08-26,-0.337,1,Interchange,-1.907,-0.15,0.03
Jaimin Jolliffe,gold-coast-titans,96,2025-08-16,-0.343,1,Interchange,-2.085,-0.328,0.069
Josh Kerr,st-george-illawarra-dragons,130,2026-09-06,-0.352,1,Interchange,-2.192,-0.436,0.043
Dean Whare,penrith-panthers,46,2020-07-19,-0.36,1,,,,
Mawene Hiroti,cronulla-sutherland-sharks,42,2026-08-30,-0.365,1,Centre,-1.703,-1.143,0.222
Roger Tuivasa-Sheck,warriors,127,2026-05-23,-0.37,1,Winger,-1.264,-0.372,0.354
Christian Crichton,penrith-panthers,34,2022-09-03,-0.377,1,Winger,-0.3,0.592,0.0
Jakob Arthur,newcastle-knights,31,2025-09-07,-0.378,0,,,,
Preston Riki,brisbane-broncos,13,2026-07-25,-0.381,0,Prop,-1.583,0.427,0.0
Jack Murchie,parramatta-eels,45,2023-04-10,-0.387,0,Interchange,-1.898,-0.141,0.108
Thomas Duffy,brisbane-broncos,16,2026-09-03,-0.387,0,Interchange,-0.152,1.604,0.033
Ben Te'O,brisbane-broncos,20,2021-04-08,-0.391,0,Interchange,-0.961,0.795,0.0
Michael Molo,st-george-illawarra-dragons,35,2025-08-02,-0.401,0,Interchange,-2.073,-0.317,0.04
Mitchell Dunn,north-queensland-cowboys,53,2023-05-20,-0.414,0,2nd Row,-1.931,-0.082,0.067
Richard Kennar,south-sydney-rabbitohs,40,2024-09-06,-0.417,0,Centre,-1.198,-0.638,0.417
Jack Wighton,south-sydney-rabbitohs,177,2026-09-11,-0.448,0,Five-Eighth,-1.488,-1.085,0.254
Danny Levi,canberra-raiders,89,2025-09-07,-0.503,0,Hooker,-2.024,0.106,0.15
Jake Averillo,dolphins,130,2026-07-11,-0.551,0,Centre,-0.605,-0.045,0.434
